spi_rack.module2.dac4.voltage,spi_rack.module1.dac1.voltage,spi_rack.module1.dac2.voltage,spi_rack.module2.dac3.voltage,spi_rack.module2.dac9.voltage,spi_rack.module2.dac5.voltage,spi_rack.module1.dac5.voltage,spi_rack.module2.dac10.voltage,spi_rack.module1.dac8.voltage,spi_rack.module1.dac7.voltage,spi_rack.module2.dac1.voltage,spi_rack.module2.dac0.voltage,spi_rack.module1.dac0.voltage,spi_rack.module2.dac2.voltage,agilent_left.volt,agilent_right.volt
0.0,0.0,0.0,0.0,0.0,0.0,0.0,0.0,0.0,0.0,0.0,0.0,0.0,0.0,-3.35563456e-05,0.000131957548
0.015151515151515152,0.015151515151515152,0.015151515151515152,0.015151515151515152,0.015151515151515152,0.015151515151515152,0.015151515151515152,0.015151515151515152,0.015151515151515152,0.015151515151515152,0.015151515151515152,0.015151515151515152,0.015151515151515152,0.015151515151515152,0.0151100681,0.0152787867
0.030303030303030304,0.030303030303030304,0.030303030303030304,0.030303030303030304,0.030303030303030304,0.030303030303030304,0.030303030303030304,0.030303030303030304,0.030303030303030304,0.030303030303030304,0.030303030303030304,0.030303030303030304,0.030303030303030304,0.030303030303030304,0.0302571294,0.0304295431
0.045454545454545456,0.045454545454545456,0.045454545454545456,0.045454545454545456,0.045454545454545456,0.045454545454545456,0.045454545454545456,0.045454545454545456,0.045454545454545456,0.045454545454545456,0.045454545454545456,0.045454545454545456,0.045454545454545456,0.045454545454545456,0.0454066699,0.0455789928
0.06060606060606061,0.06060606060606061,0.06060606060606061,0.06060606060606061,0.06060606060606061,0.06060606060606061,0.06060606060606061,0.06060606060606061,0.06060606060606061,0.06060606060606061,0.06060606060606061,0.06060606060606061,0.06060606060606061,0.06060606060606061,0.0605581807,0.0607309342
0.07575757575757576,0.07575757575757576,0.07575757575757576,0.07575757575757576,0.07575757575757576,0.07575757575757576,0.07575757575757576,0.07575757575757576,0.07575757575757576,0.07575757575757576,0.07575757575757576,0.07575757575757576,0.07575757575757576,0.07575757575757576,0.0757047956,0.0758790129
0.09090909090909091,0.09090909090909091,0.09090909090909091,0.09090909090909091,0.09090909090909091,0.09090909090909091,0.09090909090909091,0.09090909090909091,0.09090909090909091,0.09090909090909091,0.09090909090909091,0.09090909090909091,0.09090909090909091,0.09090909090909091,0.0908525531,0.0910303493
0.10606060606060606,0.10606060606060606,0.10606060606060606,0.10606060606060606,0.10606060606060606,0.10606060606060606,0.10606060606060606,0.10606060606060606,0.10606060606060606,0.10606060606060606,0.10606060606060606,0.10606060606060606,0.10606060606060606,0.10606060606060606,0.106004214,0.106180119
0.12121212121212122,0.12121212121212122,0.12121212121212122,0.12121212121212122,0.12121212121212122,0.12121212121212122,0.12121212121212122,0.12121212121212122,0.12121212121212122,0.12121212121212122,0.12121212121212122,0.12121212121212122,0.12121212121212122,0.12121212121212122,0.121160174,0.121332904
0.13636363636363635,0.13636363636363635,0.13636363636363635,0.13636363636363635,0.13636363636363635,0.13636363636363635,0.13636363636363635,0.13636363636363635,0.13636363636363635,0.13636363636363635,0.13636363636363635,0.13636363636363635,0.13636363636363635,0.13636363636363635,0.136307171,0.13648114
0.15151515151515152,0.15151515151515152,0.15151515151515152,0.15151515151515152,0.15151515151515152,0.15151515151515152,0.15151515151515152,0.15151515151515152,0.15151515151515152,0.15151515151515152,0.15151515151515152,0.15151515151515152,0.15151515151515152,0.15151515151515152,0.151455461,0.151630598
0.16666666666666669,0.16666666666666669,0.16666666666666669,0.16666666666666669,0.16666666666666669,0.16666666666666669,0.16666666666666669,0.16666666666666669,0.16666666666666669,0.16666666666666669,0.16666666666666669,0.16666666666666669,0.16666666666666669,0.16666666666666669,0.166607239,0.166778941
0.18181818181818182,0.18181818181818182,0.18181818181818182,0.18181818181818182,0.18181818181818182,0.18181818181818182,0.18181818181818182,0.18181818181818182,0.18181818181818182,0.18181818181818182,0.18181818181818182,0.18181818181818182,0.18181818181818182,0.18181818181818182,0.181756283,0.181930112
0.19696969696969696,0.19696969696969696,0.19696969696969696,0.19696969696969696,0.19696969696969696,0.19696969696969696,0.19696969696969696,0.19696969696969696,0.19696969696969696,0.19696969696969696,0.19696969696969696,0.19696969696969696,0.19696969696969696,0.19696969696969696,0.196904981,0.197083663
0.21212121212121213,0.21212121212121213,0.21212121212121213,0.21212121212121213,0.21212121212121213,0.21212121212121213,0.21212121212121213,0.21212121212121213,0.21212121212121213,0.21212121212121213,0.21212121212121213,0.21212121212121213,0.21212121212121213,0.21212121212121213,0.212055,0.21223224
0.2272727272727273,0.2272727272727273,0.2272727272727273,0.2272727272727273,0.2272727272727273,0.2272727272727273,0.2272727272727273,0.2272727272727273,0.2272727272727273,0.2272727272727273,0.2272727272727273,0.2272727272727273,0.2272727272727273,0.2272727272727273,0.227206302,0.227382955
0.24242424242424243,0.24242424242424243,0.24242424242424243,0.24242424242424243,0.24242424242424243,0.24242424242424243,0.24242424242424243,0.24242424242424243,0.24242424242424243,0.24242424242424243,0.24242424242424243,0.24242424242424243,0.24242424242424243,0.24242424242424243,0.242359357,0.242536837
0.25757575757575757,0.25757575757575757,0.25757575757575757,0.25757575757575757,0.25757575757575757,0.25757575757575757,0.25757575757575757,0.25757575757575757,0.25757575757575757,0.25757575757575757,0.25757575757575757,0.25757575757575757,0.25757575757575757,0.25757575757575757,0.257491843,0.257671721
0.2727272727272727,0.2727272727272727,0.2727272727272727,0.2727272727272727,0.2727272727272727,0.2727272727272727,0.2727272727272727,0.2727272727272727,0.2727272727272727,0.2727272727272727,0.2727272727272727,0.2727272727272727,0.2727272727272727,0.2727272727272727,0.272639494,0.272818466
0.2878787878787879,0.2878787878787879,0.2878787878787879,0.2878787878787879,0.2878787878787879,0.2878787878787879,0.2878787878787879,0.2878787878787879,0.2878787878787879,0.2878787878787879,0.2878787878787879,0.2878787878787879,0.2878787878787879,0.2878787878787879,0.287789641,0.28796946
0.30303030303030304,0.30303030303030304,0.30303030303030304,0.30303030303030304,0.30303030303030304,0.30303030303030304,0.30303030303030304,0.30303030303030304,0.30303030303030304,0.30303030303030304,0.30303030303030304,0.30303030303030304,0.30303030303030304,0.30303030303030304,0.302936436,0.303118102
0.3181818181818182,0.3181818181818182,0.3181818181818182,0.3181818181818182,0.3181818181818182,0.3181818181818182,0.3181818181818182,0.3181818181818182,0.3181818181818182,0.3181818181818182,0.3181818181818182,0.3181818181818182,0.3181818181818182,0.3181818181818182,0.31808862,0.31827075
0.33333333333333337,0.33333333333333337,0.33333333333333337,0.33333333333333337,0.33333333333333337,0.33333333333333337,0.33333333333333337,0.33333333333333337,0.33333333333333337,0.33333333333333337,0.33333333333333337,0.33333333333333337,0.33333333333333337,0.33333333333333337,0.333235375,0.333419622
0.3484848484848485,0.3484848484848485,0.3484848484848485,0.3484848484848485,0.3484848484848485,0.3484848484848485,0.3484848484848485,0.3484848484848485,0.3484848484848485,0.3484848484848485,0.3484848484848485,0.3484848484848485,0.3484848484848485,0.3484848484848485,0.348389079,0.348570627
0.36363636363636365,0.36363636363636365,0.36363636363636365,0.36363636363636365,0.36363636363636365,0.36363636363636365,0.36363636363636365,0.36363636363636365,0.36363636363636365,0.36363636363636365,0.36363636363636365,0.36363636363636365,0.36363636363636365,0.36363636363636365,0.363536222,0.363720492
0.3787878787878788,0.3787878787878788,0.3787878787878788,0.3787878787878788,0.3787878787878788,0.3787878787878788,0.3787878787878788,0.3787878787878788,0.3787878787878788,0.3787878787878788,0.3787878787878788,0.3787878787878788,0.3787878787878788,0.3787878787878788,0.378688707,0.378874437
0.3939393939393939,0.3939393939393939,0.3939393939393939,0.3939393939393939,0.3939393939393939,0.3939393939393939,0.3939393939393939,0.3939393939393939,0.3939393939393939,0.3939393939393939,0.3939393939393939,0.3939393939393939,0.3939393939393939,0.3939393939393939,0.39383509,0.394023206
0.4090909090909091,0.4090909090909091,0.4090909090909091,0.4090909090909091,0.4090909090909091,0.4090909090909091,0.4090909090909091,0.4090909090909091,0.4090909090909091,0.4090909090909091,0.4090909090909091,0.4090909090909091,0.4090909090909091,0.4090909090909091,0.408987708,0.409173333
0.42424242424242425,0.42424242424242425,0.42424242424242425,0.42424242424242425,0.42424242424242425,0.42424242424242425,0.42424242424242425,0.42424242424242425,0.42424242424242425,0.42424242424242425,0.42424242424242425,0.42424242424242425,0.42424242424242425,0.42424242424242425,0.424135362,0.424322065
0.4393939393939394,0.4393939393939394,0.4393939393939394,0.4393939393939394,0.4393939393939394,0.4393939393939394,0.4393939393939394,0.4393939393939394,0.4393939393939394,0.4393939393939394,0.4393939393939394,0.4393939393939394,0.4393939393939394,0.4393939393939394,0.439288348,0.439476339
0.4545454545454546,0.4545454545454546,0.4545454545454546,0.4545454545454546,0.4545454545454546,0.4545454545454546,0.4545454545454546,0.4545454545454546,0.4545454545454546,0.4545454545454546,0.4545454545454546,0.4545454545454546,0.4545454545454546,0.4545454545454546,0.454434619,0.454624324
0.4696969696969697,0.4696969696969697,0.4696969696969697,0.4696969696969697,0.4696969696969697,0.4696969696969697,0.4696969696969697,0.4696969696969697,0.4696969696969697,0.4696969696969697,0.4696969696969697,0.4696969696969697,0.4696969696969697,0.4696969696969697,0.469588188,0.469776743
0.48484848484848486,0.48484848484848486,0.48484848484848486,0.48484848484848486,0.48484848484848486,0.48484848484848486,0.48484848484848486,0.48484848484848486,0.48484848484848486,0.48484848484848486,0.48484848484848486,0.48484848484848486,0.48484848484848486,0.48484848484848486,0.484737581,0.484925907
0.5,0.5,0.5,0.5,0.5,0.5,0.5,0.5,0.5,0.5,0.5,0.5,0.5,0.5,0.499889068,0.500081221
0.5151515151515151,0.5151515151515151,0.5151515151515151,0.5151515151515151,0.5151515151515151,0.5151515151515151,0.5151515151515151,0.5151515151515151,0.5151515151515151,0.5151515151515151,0.5151515151515151,0.5151515151515151,0.5151515151515151,0.5151515151515151,0.515031428,0.515229897
0.5303030303030303,0.5303030303030303,0.5303030303030303,0.5303030303030303,0.5303030303030303,0.5303030303030303,0.5303030303030303,0.5303030303030303,0.5303030303030303,0.5303030303030303,0.5303030303030303,0.5303030303030303,0.5303030303030303,0.5303030303030303,0.530180286,0.530379362
0.5454545454545454,0.5454545454545454,0.5454545454545454,0.5454545454545454,0.5454545454545454,0.5454545454545454,0.5454545454545454,0.5454545454545454,0.5454545454545454,0.5454545454545454,0.5454545454545454,0.5454545454545454,0.5454545454545454,0.5454545454545454,0.545330998,0.545527078
0.5606060606060607,0.5606060606060607,0.5606060606060607,0.5606060606060607,0.5606060606060607,0.5606060606060607,0.5606060606060607,0.5606060606060607,0.5606060606060607,0.5606060606060607,0.5606060606060607,0.5606060606060607,0.5606060606060607,0.5606060606060607,0.560480974,0.560679363
0.5757575757575758,0.5757575757575758,0.5757575757575758,0.5757575757575758,0.5757575757575758,0.5757575757575758,0.5757575757575758,0.5757575757575758,0.5757575757575758,0.5757575757575758,0.5757575757575758,0.5757575757575758,0.5757575757575758,0.5757575757575758,0.575628759,0.575827503
0.5909090909090909,0.5909090909090909,0.5909090909090909,0.5909090909090909,0.5909090909090909,0.5909090909090909,0.5909090909090909,0.5909090909090909,0.5909090909090909,0.5909090909090909,0.5909090909090909,0.5909090909090909,0.5909090909090909,0.5909090909090909,0.590779029,0.590978488
0.6060606060606061,0.6060606060606061,0.6060606060606061,0.6060606060606061,0.6060606060606061,0.6060606060606061,0.6060606060606061,0.6060606060606061,0.6060606060606061,0.6060606060606061,0.6060606060606061,0.6060606060606061,0.6060606060606061,0.6060606060606061,0.605929388,0.606128623
0.6212121212121212,0.6212121212121212,0.6212121212121212,0.6212121212121212,0.6212121212121212,0.6212121212121212,0.6212121212121212,0.6212121212121212,0.6212121212121212,0.6212121212121212,0.6212121212121212,0.6212121212121212,0.6212121212121212,0.6212121212121212,0.621081128,0.621282193
0.6363636363636364,0.6363636363636364,0.6363636363636364,0.6363636363636364,0.6363636363636364,0.6363636363636364,0.6363636363636364,0.6363636363636364,0.6363636363636364,0.6363636363636364,0.6363636363636364,0.6363636363636364,0.6363636363636364,0.6363636363636364,0.636227653,0.636430805
0.6515151515151515,0.6515151515151515,0.6515151515151515,0.6515151515151515,0.6515151515151515,0.6515151515151515,0.6515151515151515,0.6515151515151515,0.6515151515151515,0.6515151515151515,0.6515151515151515,0.6515151515151515,0.6515151515151515,0.6515151515151515,0.651376761,0.651580403
0.6666666666666667,0.6666666666666667,0.6666666666666667,0.6666666666666667,0.6666666666666667,0.6666666666666667,0.6666666666666667,0.6666666666666667,0.6666666666666667,0.6666666666666667,0.6666666666666667,0.6666666666666667,0.6666666666666667,0.6666666666666667,0.666526491,0.666728037
0.6818181818181819,0.6818181818181819,0.6818181818181819,0.6818181818181819,0.6818181818181819,0.6818181818181819,0.6818181818181819,0.6818181818181819,0.6818181818181819,0.6818181818181819,0.6818181818181819,0.6818181818181819,0.6818181818181819,0.6818181818181819,0.681678556,0.681880422
0.696969696969697,0.696969696969697,0.696969696969697,0.696969696969697,0.696969696969697,0.696969696969697,0.696969696969697,0.696969696969697,0.696969696969697,0.696969696969697,0.696969696969697,0.696969696969697,0.696969696969697,0.696969696969697,0.696826851,0.697030724
0.7121212121212122,0.7121212121212122,0.7121212121212122,0.7121212121212122,0.7121212121212122,0.7121212121212122,0.7121212121212122,0.7121212121212122,0.7121212121212122,0.7121212121212122,0.7121212121212122,0.7121212121212122,0.7121212121212122,0.7121212121212122,0.711976786,0.712180969
0.7272727272727273,0.7272727272727273,0.7272727272727273,0.7272727272727273,0.7272727272727273,0.7272727272727273,0.7272727272727273,0.7272727272727273,0.7272727272727273,0.7272727272727273,0.7272727272727273,0.7272727272727273,0.7272727272727273,0.7272727272727273,0.727128173,0.727332786
0.7424242424242424,0.7424242424242424,0.7424242424242424,0.7424242424242424,0.7424242424242424,0.7424242424242424,0.7424242424242424,0.7424242424242424,0.7424242424242424,0.7424242424242424,0.7424242424242424,0.7424242424242424,0.7424242424242424,0.7424242424242424,0.742279595,0.742484375
0.7575757575757576,0.7575757575757576,0.7575757575757576,0.7575757575757576,0.7575757575757576,0.7575757575757576,0.7575757575757576,0.7575757575757576,0.7575757575757576,0.7575757575757576,0.7575757575757576,0.7575757575757576,0.7575757575757576,0.7575757575757576,0.757414208,0.757619493
0.7727272727272727,0.7727272727272727,0.7727272727272727,0.7727272727272727,0.7727272727272727,0.7727272727272727,0.7727272727272727,0.7727272727272727,0.7727272727272727,0.7727272727272727,0.7727272727272727,0.7727272727272727,0.7727272727272727,0.7727272727272727,0.772558608,0.772768155
0.7878787878787878,0.7878787878787878,0.7878787878787878,0.7878787878787878,0.7878787878787878,0.7878787878787878,0.7878787878787878,0.7878787878787878,0.7878787878787878,0.7878787878787878,0.7878787878787878,0.7878787878787878,0.7878787878787878,0.7878787878787878,0.787710113,0.787917357
0.8030303030303031,0.8030303030303031,0.8030303030303031,0.8030303030303031,0.8030303030303031,0.8030303030303031,0.8030303030303031,0.8030303030303031,0.8030303030303031,0.8030303030303031,0.8030303030303031,0.8030303030303031,0.8030303030303031,0.8030303030303031,0.802858387,0.803067735
0.8181818181818182,0.8181818181818182,0.8181818181818182,0.8181818181818182,0.8181818181818182,0.8181818181818182,0.8181818181818182,0.8181818181818182,0.8181818181818182,0.8181818181818182,0.8181818181818182,0.8181818181818182,0.8181818181818182,0.8181818181818182,0.818010571,0.818219932
0.8333333333333334,0.8333333333333334,0.8333333333333334,0.8333333333333334,0.8333333333333334,0.8333333333333334,0.8333333333333334,0.8333333333333334,0.8333333333333334,0.8333333333333334,0.8333333333333334,0.8333333333333334,0.8333333333333334,0.8333333333333334,0.833156735,0.833367962
0.8484848484848485,0.8484848484848485,0.8484848484848485,0.8484848484848485,0.8484848484848485,0.8484848484848485,0.8484848484848485,0.8484848484848485,0.8484848484848485,0.8484848484848485,0.8484848484848485,0.8484848484848485,0.8484848484848485,0.8484848484848485,0.84830873,0.848518557
0.8636363636363636,0.8636363636363636,0.8636363636363636,0.8636363636363636,0.8636363636363636,0.8636363636363636,0.8636363636363636,0.8636363636363636,0.8636363636363636,0.8636363636363636,0.8636363636363636,0.8636363636363636,0.8636363636363636,0.8636363636363636,0.8634578,0.863668866
0.8787878787878788,0.8787878787878788,0.8787878787878788,0.8787878787878788,0.8787878787878788,0.8787878787878788,0.8787878787878788,0.8787878787878788,0.8787878787878788,0.8787878787878788,0.8787878787878788,0.8787878787878788,0.8787878787878788,0.8787878787878788,0.878611892,0.878822109
0.8939393939393939,0.8939393939393939,0.8939393939393939,0.8939393939393939,0.8939393939393939,0.8939393939393939,0.8939393939393939,0.8939393939393939,0.8939393939393939,0.8939393939393939,0.8939393939393939,0.8939393939393939,0.8939393939393939,0.8939393939393939,0.893757854,0.893970749
0.9090909090909092,0.9090909090909092,0.9090909090909092,0.9090909090909092,0.9090909090909092,0.9090909090909092,0.9090909090909092,0.9090909090909092,0.9090909090909092,0.9090909090909092,0.9090909090909092,0.9090909090909092,0.9090909090909092,0.9090909090909092,0.908908786,0.909119515
0.9242424242424243,0.9242424242424243,0.9242424242424243,0.9242424242424243,0.9242424242424243,0.9242424242424243,0.9242424242424243,0.9242424242424243,0.9242424242424243,0.9242424242424243,0.9242424242424243,0.9242424242424243,0.9242424242424243,0.9242424242424243,0.924056818,0.924269657
0.9393939393939394,0.9393939393939394,0.9393939393939394,0.9393939393939394,0.9393939393939394,0.9393939393939394,0.9393939393939394,0.9393939393939394,0.9393939393939394,0.9393939393939394,0.9393939393939394,0.9393939393939394,0.9393939393939394,0.9393939393939394,0.939209176,0.939423472
0.9545454545454546,0.9545454545454546,0.9545454545454546,0.9545454545454546,0.9545454545454546,0.9545454545454546,0.9545454545454546,0.9545454545454546,0.9545454545454546,0.9545454545454546,0.9545454545454546,0.9545454545454546,0.9545454545454546,0.9545454545454546,0.954356317,0.954570442
0.9696969696969697,0.9696969696969697,0.9696969696969697,0.9696969696969697,0.9696969696969697,0.9696969696969697,0.9696969696969697,0.9696969696969697,0.9696969696969697,0.9696969696969697,0.9696969696969697,0.9696969696969697,0.9696969696969697,0.9696969696969697,0.969510361,0.969723935
0.9848484848484849,0.9848484848484849,0.9848484848484849,0.9848484848484849,0.9848484848484849,0.9848484848484849,0.9848484848484849,0.9848484848484849,0.9848484848484849,0.9848484848484849,0.9848484848484849,0.9848484848484849,0.9848484848484849,0.9848484848484849,0.984657807,0.984872912
1.0,1.0,1.0,1.0,1.0,1.0,1.0,1.0,1.0,1.0,1.0,1.0,1.0,1.0,0.999810184,1.00002881
1.0151515151515151,1.0151515151515151,1.0151515151515151,1.0151515151515151,1.0151515151515151,1.0151515151515151,1.0151515151515151,1.0151515151515151,1.0151515151515151,1.0151515151515151,1.0151515151515151,1.0151515151515151,1.0151515151515151,1.0151515151515151,1.01495503,1.01517582
1.0303030303030303,1.0303030303030303,1.0303030303030303,1.0303030303030303,1.0303030303030303,1.0303030303030303,1.0303030303030303,1.0303030303030303,1.0303030303030303,1.0303030303030303,1.0303030303030303,1.0303030303030303,1.0303030303030303,1.0303030303030303,1.03010447,1.03032559
1.0454545454545454,1.0454545454545454,1.0454545454545454,1.0454545454545454,1.0454545454545454,1.0454545454545454,1.0454545454545454,1.0454545454545454,1.0454545454545454,1.0454545454545454,1.0454545454545454,1.0454545454545454,1.0454545454545454,1.0454545454545454,1.04525269,1.0454738
1.0606060606060606,1.0606060606060606,1.0606060606060606,1.0606060606060606,1.0606060606060606,1.0606060606060606,1.0606060606060606,1.0606060606060606,1.0606060606060606,1.0606060606060606,1.0606060606060606,1.0606060606060606,1.0606060606060606,1.0606060606060606,1.06040373,1.06062742
1.0757575757575757,1.0757575757575757,1.0757575757575757,1.0757575757575757,1.0757575757575757,1.0757575757575757,1.0757575757575757,1.0757575757575757,1.0757575757575757,1.0757575757575757,1.0757575757575757,1.0757575757575757,1.0757575757575757,1.0757575757575757,1.0755498,1.07577573
1.0909090909090908,1.0909090909090908,1.0909090909090908,1.0909090909090908,1.0909090909090908,1.0909090909090908,1.0909090909090908,1.0909090909090908,1.0909090909090908,1.0909090909090908,1.0909090909090908,1.0909090909090908,1.0909090909090908,1.0909090909090908,1.09069959,1.09092539
1.1060606060606062,1.1060606060606062,1.1060606060606062,1.1060606060606062,1.1060606060606062,1.1060606060606062,1.1060606060606062,1.1060606060606062,1.1060606060606062,1.1060606060606062,1.1060606060606062,1.1060606060606062,1.1060606060606062,1.1060606060606062,1.10585085,1.10607535
1.1212121212121213,1.1212121212121213,1.1212121212121213,1.1212121212121213,1.1212121212121213,1.1212121212121213,1.1212121212121213,1.1212121212121213,1.1212121212121213,1.1212121212121213,1.1212121212121213,1.1212121212121213,1.1212121212121213,1.1212121212121213,1.12100313,1.12122826
1.1363636363636365,1.1363636363636365,1.1363636363636365,1.1363636363636365,1.1363636363636365,1.1363636363636365,1.1363636363636365,1.1363636363636365,1.1363636363636365,1.1363636363636365,1.1363636363636365,1.1363636363636365,1.1363636363636365,1.1363636363636365,1.13615159,1.13637753
1.1515151515151516,1.1515151515151516,1.1515151515151516,1.1515151515151516,1.1515151515151516,1.1515151515151516,1.1515151515151516,1.1515151515151516,1.1515151515151516,1.1515151515151516,1.1515151515151516,1.1515151515151516,1.1515151515151516,1.1515151515151516,1.15129931,1.15152608
1.1666666666666667,1.1666666666666667,1.1666666666666667,1.1666666666666667,1.1666666666666667,1.1666666666666667,1.1666666666666667,1.1666666666666667,1.1666666666666667,1.1666666666666667,1.1666666666666667,1.1666666666666667,1.1666666666666667,1.1666666666666667,1.16644797,1.16667573
1.1818181818181819,1.1818181818181819,1.1818181818181819,1.1818181818181819,1.1818181818181819,1.1818181818181819,1.1818181818181819,1.1818181818181819,1.1818181818181819,1.1818181818181819,1.1818181818181819,1.1818181818181819,1.1818181818181819,1.1818181818181819,1.18159931,1.18182763
1.196969696969697,1.196969696969697,1.196969696969697,1.196969696969697,1.196969696969697,1.196969696969697,1.196969696969697,1.196969696969697,1.196969696969697,1.196969696969697,1.196969696969697,1.196969696969697,1.196969696969697,1.196969696969697,1.19674984,1.19697936
1.2121212121212122,1.2121212121212122,1.2121212121212122,1.2121212121212122,1.2121212121212122,1.2121212121212122,1.2121212121212122,1.2121212121212122,1.2121212121212122,1.2121212121212122,1.2121212121212122,1.2121212121212122,1.2121212121212122,1.2121212121212122,1.21190305,1.21212268
1.2272727272727273,1.2272727272727273,1.2272727272727273,1.2272727272727273,1.2272727272727273,1.2272727272727273,1.2272727272727273,1.2272727272727273,1.2272727272727273,1.2272727272727273,1.2272727272727273,1.2272727272727273,1.2272727272727273,1.2272727272727273,1.2270574,1.22727111
1.2424242424242424,1.2424242424242424,1.2424242424242424,1.2424242424242424,1.2424242424242424,1.2424242424242424,1.2424242424242424,1.2424242424242424,1.2424242424242424,1.2424242424242424,1.2424242424242424,1.2424242424242424,1.2424242424242424,1.2424242424242424,1.24220801,1.24242272
1.2575757575757576,1.2575757575757576,1.2575757575757576,1.2575757575757576,1.2575757575757576,1.2575757575757576,1.2575757575757576,1.2575757575757576,1.2575757575757576,1.2575757575757576,1.2575757575757576,1.2575757575757576,1.2575757575757576,1.2575757575757576,1.25734327,1.25755708
1.2727272727272727,1.2727272727272727,1.2727272727272727,1.2727272727272727,1.2727272727272727,1.2727272727272727,1.2727272727272727,1.2727272727272727,1.2727272727272727,1.2727272727272727,1.2727272727272727,1.2727272727272727,1.2727272727272727,1.2727272727272727,1.27248869,1.27270818
1.2878787878787878,1.2878787878787878,1.2878787878787878,1.2878787878787878,1.2878787878787878,1.2878787878787878,1.2878787878787878,1.2878787878787878,1.2878787878787878,1.2878787878787878,1.2878787878787878,1.2878787878787878,1.2878787878787878,1.2878787878787878,1.28763854,1.28785504
1.303030303030303,1.303030303030303,1.303030303030303,1.303030303030303,1.303030303030303,1.303030303030303,1.303030303030303,1.303030303030303,1.303030303030303,1.303030303030303,1.303030303030303,1.303030303030303,1.303030303030303,1.303030303030303,1.30278551,1.30300228
1.3181818181818181,1.3181818181818181,1.3181818181818181,1.3181818181818181,1.3181818181818181,1.3181818181818181,1.3181818181818181,1.3181818181818181,1.3181818181818181,1.3181818181818181,1.3181818181818181,1.3181818181818181,1.3181818181818181,1.3181818181818181,1.31793925,1.31816238
1.3333333333333335,1.3333333333333335,1.3333333333333335,1.3333333333333335,1.3333333333333335,1.3333333333333335,1.3333333333333335,1.3333333333333335,1.3333333333333335,1.3333333333333335,1.3333333333333335,1.3333333333333335,1.3333333333333335,1.3333333333333335,1.33308762,1.33330715
1.3484848484848486,1.3484848484848486,1.3484848484848486,1.3484848484848486,1.3484848484848486,1.3484848484848486,1.3484848484848486,1.3484848484848486,1.3484848484848486,1.3484848484848486,1.3484848484848486,1.3484848484848486,1.3484848484848486,1.3484848484848486,1.34824062,1.3484578
1.3636363636363638,1.3636363636363638,1.3636363636363638,1.3636363636363638,1.3636363636363638,1.3636363636363638,1.3636363636363638,1.3636363636363638,1.3636363636363638,1.3636363636363638,1.3636363636363638,1.3636363636363638,1.3636363636363638,1.3636363636363638,1.36338901,1.36360587
1.378787878787879,1.378787878787879,1.378787878787879,1.378787878787879,1.378787878787879,1.378787878787879,1.378787878787879,1.378787878787879,1.378787878787879,1.378787878787879,1.378787878787879,1.378787878787879,1.378787878787879,1.378787878787879,1.37853914,1.37875721
1.393939393939394,1.393939393939394,1.393939393939394,1.393939393939394,1.393939393939394,1.393939393939394,1.393939393939394,1.393939393939394,1.393939393939394,1.393939393939394,1.393939393939394,1.393939393939394,1.393939393939394,1.393939393939394,1.39368531,1.39390609
1.4090909090909092,1.4090909090909092,1.4090909090909092,1.4090909090909092,1.4090909090909092,1.4090909090909092,1.4090909090909092,1.4090909090909092,1.4090909090909092,1.4090909090909092,1.4090909090909092,1.4090909090909092,1.4090909090909092,1.4090909090909092,1.40884069,1.40905713
1.4242424242424243,1.4242424242424243,1.4242424242424243,1.4242424242424243,1.4242424242424243,1.4242424242424243,1.4242424242424243,1.4242424242424243,1.4242424242424243,1.4242424242424243,1.4242424242424243,1.4242424242424243,1.4242424242424243,1.4242424242424243,1.42398444,1.4242064
1.4393939393939394,1.4393939393939394,1.4393939393939394,1.4393939393939394,1.4393939393939394,1.4393939393939394,1.4393939393939394,1.4393939393939394,1.4393939393939394,1.4393939393939394,1.4393939393939394,1.4393939393939394,1.4393939393939394,1.4393939393939394,1.43913999,1.43935783
1.4545454545454546,1.4545454545454546,1.4545454545454546,1.4545454545454546,1.4545454545454546,1.4545454545454546,1.4545454545454546,1.4545454545454546,1.4545454545454546,1.4545454545454546,1.4545454545454546,1.4545454545454546,1.4545454545454546,1.4545454545454546,1.45428374,1.45450904
1.4696969696969697,1.4696969696969697,1.4696969696969697,1.4696969696969697,1.4696969696969697,1.4696969696969697,1.4696969696969697,1.4696969696969697,1.4696969696969697,1.4696969696969697,1.4696969696969697,1.4696969696969697,1.4696969696969697,1.4696969696969697,1.46944114,1.46965734
1.4848484848484849,1.4848484848484849,1.4848484848484849,1.4848484848484849,1.4848484848484849,1.4848484848484849,1.4848484848484849,1.4848484848484849,1.4848484848484849,1.4848484848484849,1.4848484848484849,1.4848484848484849,1.4848484848484849,1.4848484848484849,1.48458879,1.4848101
1.5,1.5,1.5,1.5,1.5,1.5,1.5,1.5,1.5,1.5,1.5,1.5,1.5,1.5,1.49973822,1.49996404
