spi_rack.module1.dac8.voltage,spi_rack.module1.dac7.voltage,agilent_left.volt,agilent_right.volt
1.2,1.2,0.000589056539,-0.000168511558
1.2,1.1918367346938774,0.000588918348,-0.000168552405
1.2,1.183673469387755,0.000589183327,-0.000168265286
1.2,1.1755102040816325,0.000589006515,-0.000167893487
1.2,1.1673469387755102,0.000589327649,-0.000167477853
1.2,1.1591836734693877,0.000590639694,-0.00016819801
1.2,1.1510204081632653,0.000589591862,-0.000167768184
1.2,1.1428571428571428,0.000588556486,-0.00016824422
1.2,1.1346938775510205,0.000589604511,-0.000167498277
1.2,1.126530612244898,0.000590228093,-0.00016705233
1.2,1.1183673469387754,0.000589661341,-0.000167195038
1.2,1.110204081632653,0.000591139174,-0.000167426056
1.2,1.1020408163265305,0.000589747781,-0.000167512664
1.2,1.0938775510204082,0.000589881946,-0.000167397476
1.2,1.0857142857142856,0.00059001132,-0.000167463242
1.2,1.0775510204081633,0.000589650031,-0.000167595417
1.2,1.0693877551020408,0.000589399621,-0.000168447943
1.2,1.0612244897959184,0.000590242756,-0.000167479363
1.2,1.0530612244897959,0.000589772793,-0.000167043948
1.2,1.0448979591836736,0.000589257404,-0.00016696508
1.2,1.036734693877551,0.000589351609,-0.000167022883
1.2,1.0285714285714285,0.000589026735,-0.000168471802
1.2,1.0204081632653061,0.000589198469,-0.000167108848
1.2,1.0122448979591836,0.000588898894,-0.000167759384
1.2,1.0040816326530613,0.000589192717,-0.00016748601
1.2,0.9959183673469387,0.000588689885,-0.000168255395
1.2,0.9877551020408163,0.000588334921,-0.000168008032
1.2,0.9795918367346939,0.000588165393,-0.000167640536
1.2,0.9714285714285714,0.000588975657,-0.00016747872
1.2,0.963265306122449,0.000588257104,-0.000168406485
1.2,0.9551020408163265,0.000587615601,-0.000168913671
1.2,0.9469387755102041,0.000588162613,-0.000166930912
1.2,0.9387755102040816,0.000588037552,-0.00016830912
1.2,0.9306122448979592,0.000588010527,-0.000168184684
1.2,0.9224489795918367,0.000587321778,-0.000167834817
1.2,0.9142857142857143,0.000587968073,-0.000167982664
1.2,0.9061224489795918,0.000588965594,-0.00016894633
1.2,0.8979591836734694,0.000588521124,-0.000167664813
1.2,0.889795918367347,0.000589063057,-0.00016796118
1.2,0.8816326530612244,0.000589298325,-0.000167767766
1.2,0.8734693877551021,0.000588510007,-0.000168591293
1.2,0.8653061224489795,0.000588115848,-0.000168791804
1.2,0.8571428571428572,0.000587500123,-0.000167878009
1.2,0.8489795918367347,0.000587783116,-0.00016760229
1.2,0.8408163265306122,0.000587292454,-0.000167852222
1.2,0.8326530612244898,0.000587906645,-0.000167634948
1.2,0.8244897959183674,0.000588379387,-0.000167528784
1.2,0.8163265306122449,0.000586259857,-0.000168205525
1.2,0.8081632653061225,0.000587348037,-0.000168044576
1.2,0.8,0.000585345231,-0.000166760908
1.1918367346938774,1.2,0.000588078473,-0.000165435558
1.1918367346938774,1.1918367346938774,0.000586560965,-0.000166624012
1.1918367346938774,1.183673469387755,0.000586149457,-0.000166747806
1.1918367346938774,1.1755102040816325,0.000587275779,-0.00016610716
1.1918367346938774,1.1673469387755102,0.000587312194,-0.000166983127
1.1918367346938774,1.1591836734693877,0.000587603238,-0.000167865967
1.1918367346938774,1.1510204081632653,0.00058761838,-0.000168066702
1.1918367346938774,1.1428571428571428,0.000588763962,-0.000168051866
1.1918367346938774,1.1346938775510205,0.000587550148,-0.000166938651
1.1918367346938774,1.126530612244898,0.000588103485,-0.000167018804
1.1918367346938774,1.1183673469387754,0.000587507214,-0.00016832524
1.1918367346938774,1.110204081632653,0.000587084017,-0.000167134634
1.1918367346938774,1.1020408163265305,0.000586391243,-0.000167725859
1.1918367346938774,1.0938775510204082,0.00058802059,-0.000168413357
1.1918367346938774,1.0857142857142856,0.000589146718,-0.000167647633
1.1918367346938774,1.0775510204081633,0.00058696576,-0.000166756187
1.1918367346938774,1.0693877551020408,0.000588104251,-0.00016750987
1.1918367346938774,1.0612244897959184,0.000587393749,-0.000167192019
1.1918367346938774,1.0530612244897959,0.000588941061,-0.000167972131
1.1918367346938774,1.0448979591836736,0.000588498124,-0.000169056572
1.1918367346938774,1.036734693877551,0.000589045136,-0.000169261162
1.1918367346938774,1.0285714285714285,0.000588187626,-0.00016823176
1.1918367346938774,1.0204081632653061,0.00058758829,-0.000167884463
1.1918367346938774,1.0122448979591836,0.000588839479,-0.000167608937
1.1918367346938774,1.0040816326530613,0.000589068616,-0.000168395952
1.1918367346938774,0.9959183673469387,0.000589348063,-0.000168032534
1.1918367346938774,0.9877551020408163,0.000587583018,-0.000167621204
1.1918367346938774,0.9795918367346939,0.000588467553,-0.000168152667
1.1918367346938774,0.9714285714285714,0.00058823765,-0.000167238872
1.1918367346938774,0.963265306122449,0.000587156275,-0.000168671253
1.1918367346938774,0.9551020408163265,0.000588428165,-0.0001675722
1.1918367346938774,0.9469387755102041,0.000589107044,-0.000167598629
1.1918367346938774,0.9387755102040816,0.000589050981,-0.000168378547
1.1918367346938774,0.9306122448979592,0.000589695743,-0.000168208543
1.1918367346938774,0.9224489795918367,0.000589747781,-0.000169520985
1.1918367346938774,0.9142857142857143,0.000588970386,-0.000168539078
1.1918367346938774,0.9061224489795918,0.000588591369,-0.000168964377
1.1918367346938774,0.8979591836734694,0.00058905424,-0.000168422156
1.1918367346938774,0.889795918367347,0.000588660847,-0.000168642866
1.1918367346938774,0.8816326530612244,0.000588519111,-0.000168700251
1.1918367346938774,0.8734693877551021,0.000588750067,-0.000168224664
1.1918367346938774,0.8653061224489795,0.0005882066,-0.000168389498
1.1918367346938774,0.8571428571428572,0.000588821078,-0.000167824284
1.1918367346938774,0.8489795918367347,0.000587378894,-0.000167193111
1.1918367346938774,0.8408163265306122,0.000588163093,-0.000167819339
1.1918367346938774,0.8326530612244898,0.000588494098,-0.000168945463
1.1918367346938774,0.8244897959183674,0.000587242715,-0.000168672956
1.1918367346938774,0.8163265306122449,0.000588730133,-0.000168733134
1.1918367346938774,0.8081632653061225,0.000589237184,-0.000168418945
1.1918367346938774,0.8,0.000588429412,-0.000168214131
1.183673469387755,1.2,0.000588805363,-0.000167964841
1.183673469387755,1.1918367346938774,0.000590452724,-0.000167708454
1.183673469387755,1.183673469387755,0.000589531487,-0.000168407769
1.183673469387755,1.1755102040816325,0.000589876102,-0.000167320758
1.183673469387755,1.1673469387755102,0.00059029326,-0.00016824528
1.183673469387755,1.1591836734693877,0.000590111369,-0.000169176706
1.183673469387755,1.1510204081632653,0.000590408738,-0.000168489207
1.183673469387755,1.1428571428571428,0.000590058565,-0.000168832009
1.183673469387755,1.1346938775510205,0.000590094694,-0.000167864906
1.183673469387755,1.126530612244898,0.000590016112,-0.000168706481
1.183673469387755,1.1183673469387754,0.00058865251,-0.000168042425
1.183673469387755,1.110204081632653,0.000588693717,-0.00016860462
1.183673469387755,1.1020408163265305,0.000588252793,-0.000168083465
1.183673469387755,1.0938775510204082,0.000588938762,-0.000167405857
1.183673469387755,1.0857142857142856,0.000588851362,-0.000169198414
1.183673469387755,1.0775510204081633,0.000588776039,-0.000168733134
1.183673469387755,1.0693877551020408,0.000589633356,-0.000170521613
1.183673469387755,1.0612244897959184,0.00058988118,-0.000169137593
1.183673469387755,1.0530612244897959,0.000590192731,-0.000169969726
1.183673469387755,1.0448979591836736,0.000590116641,-0.000169512828
1.183673469387755,1.036734693877551,0.000589507528,-0.000169457594
1.183673469387755,1.0285714285714285,0.000590849663,-0.000168346082
1.183673469387755,1.0204081632653061,0.000591392843,-0.000169545069
1.183673469387755,1.0122448979591836,0.000591837507,-0.00016969314
1.183673469387755,1.0040816326530613,0.000590622732,-0.000169428147
1.183673469387755,0.9959183673469387,0.000591002996,-0.000169169833
1.183673469387755,0.9877551020408163,0.000591548475,-0.000169318547
1.183673469387755,0.9795918367346939,0.000590828389,-0.000169264598
1.183673469387755,0.9714285714285714,0.000590355934,-0.000169324359
1.183673469387755,0.963265306122449,0.000591108603,-0.000169991434
1.183673469387755,0.9551020408163265,0.000591180861,-0.000169100213
1.183673469387755,0.9469387755102041,0.000590950958,-0.000169725381
1.183673469387755,0.9387755102040816,0.000590862026,-0.000168993824
1.183673469387755,0.9306122448979592,0.0005905338,-0.000168622249
1.183673469387755,0.9224489795918367,0.000590790728,-0.000168223155
1.183673469387755,0.9142857142857143,0.000591062604,-0.000168832426
1.183673469387755,0.9061224489795918,0.00059154445,-0.000168478257
1.183673469387755,0.8979591836734694,0.000590992359,-0.000168756994
1.183673469387755,0.889795918367347,0.000592343118,-0.000167984173
1.183673469387755,0.8816326530612244,0.000593073268,-0.000168554974
1.183673469387755,0.8734693877551021,0.00059245553,-0.000168288279
1.183673469387755,0.8653061224489795,0.000592190745,-0.000168285485
1.183673469387755,0.8571428571428572,0.000591930751,-0.000168860364
1.183673469387755,0.8489795918367347,0.000591687433,-0.000168423666
1.183673469387755,0.8408163265306122,0.000591107837,-0.000168689301
1.183673469387755,0.8326530612244898,0.000591088383,-0.000168175018
1.183673469387755,0.8244897959183674,0.000591538891,-0.000168788144
1.183673469387755,0.8163265306122449,0.00059019599,-0.000168596239
1.183673469387755,0.8081632653061225,0.00059129356,-0.000169087304
1.183673469387755,0.8,0.000592629084,-0.00016849502
1.1755102040816325,1.2,0.000591265002,-0.000168915598
1.1755102040816325,1.1918367346938774,0.000590719523,-0.000168233463
1.1755102040816325,1.183673469387755,0.000590704861,-0.000168432689
1.1755102040816325,1.1755102040816325,0.000592244315,-0.000167339448
1.1755102040816325,1.1673469387755102,0.000592467413,-0.000167434662
1.1755102040816325,1.1591836734693877,0.000592206653,-0.000167263373
1.1755102040816325,1.1510204081632653,0.000592332961,-0.000167551777
1.1755102040816325,1.1428571428571428,0.000592352416,-0.00016694122
1.1755102040816325,1.1346938775510205,0.000591855234,-0.000167879742
1.1755102040816325,1.126530612244898,0.000592006555,-0.000167995572
1.1755102040816325,1.1183673469387754,0.000590424453,-0.000167760251
1.1755102040816325,1.110204081632653,0.000590517125,-0.000167469472
1.1755102040816325,1.1020408163265305,0.000592047476,-0.000169292118
1.1755102040816325,1.0938775510204082,0.000591574734,-0.000168673822
1.1755102040816325,1.0857142857142856,0.000590874389,-0.000168557125
1.1755102040816325,1.0775510204081633,0.000590581045,-0.000168891739
1.1755102040816325,1.0693877551020408,0.000591764769,-0.000168759563
1.1755102040816325,1.0612244897959184,0.000591287715,-0.000168605262
1.1755102040816325,1.0530612244897959,0.000591604345,-0.000168451828
1.1755102040816325,1.0448979591836736,0.000591960076,-0.000169192184
1.1755102040816325,1.036734693877551,0.000591557579,-0.000169060009
1.1755102040816325,1.0285714285714285,0.000590795806,-0.000168040049
1.1755102040816325,1.0204081632653061,0.000592270574,-0.000167606368
1.1755102040816325,1.0122448979591836,0.000591440088,-0.000168821669
1.1755102040816325,1.0040816326530613,0.000591091162,-0.00016890012
1.1755102040816325,0.9959183673469387,0.000590177302,-0.000168529412
1.1755102040816325,0.9877551020408163,0.000590724795,-0.000168373153
1.1755102040816325,0.9795918367346939,0.00059079504,-0.00016899726
1.1755102040816325,0.9714285714285714,0.000591212965,-0.000168240784
1.1755102040816325,0.963265306122449,0.0005910558,-0.000168417211
1.1755102040816325,0.9551020408163265,0.000590422154,-0.00016892247
1.1755102040816325,0.9469387755102041,0.000590093162,-0.000169454383
1.1755102040816325,0.9387755102040816,0.000589530527,-0.000168422381
1.1755102040816325,0.9306122448979592,0.000589795793,-0.000168389498
1.1755102040816325,0.9224489795918367,0.000590170498,-0.000167652353
1.1755102040816325,0.9142857142857143,0.000589611123,-0.000168268722
1.1755102040816325,0.9061224489795918,0.000589746534,-0.000169009945
1.1755102040816325,0.8979591836734694,0.000589088836,-0.000167641403
1.1755102040816325,0.889795918367347,0.000589787935,-0.000168154819
1.1755102040816325,0.8816326530612244,0.000588472152,-0.0001683377
1.1755102040816325,0.8734693877551021,0.00059003202,-0.000167634082
1.1755102040816325,0.8653061224489795,0.00058862903,-0.000167918631
1.1755102040816325,0.8571428571428572,0.000589268234,-0.000168649096
1.1755102040816325,0.8489795918367347,0.000588832675,-0.000168557125
1.1755102040816325,0.8408163265306122,0.000589849843,-0.000168704554
1.1755102040816325,0.8326530612244898,0.000589703314,-0.000167675346
1.1755102040816325,0.8244897959183674,0.000589624252,-0.000169615138
1.1755102040816325,0.8163265306122449,0.000590207107,-0.000168610207
1.1755102040816325,0.8081632653061225,0.000588790221,-0.000168977062
1.1755102040816325,0.8,0.000590051474,-0.000169190032
1.1673469387755102,1.2,0.000591247561,-0.000168315992
1.1673469387755102,1.1918367346938774,0.000591177602,-0.000168298811
1.1673469387755102,1.183673469387755,0.000593503556,-0.00016852983
1.1673469387755102,1.1755102040816325,0.000594069542,-0.000168861007
1.1673469387755102,1.1673469387755102,0.000594307782,-0.000168217567
1.1673469387755102,1.1591836734693877,0.000592982802,-0.000167443461
1.1673469387755102,1.1510204081632653,0.000592759704,-0.000168403691
1.1673469387755102,1.1428571428571428,0.000593002543,-0.000169672074
1.1673469387755102,1.1346938775510205,0.000591269028,-0.000168905708
1.1673469387755102,1.126530612244898,0.000592057346,-0.000169016175
1.1673469387755102,1.1183673469387754,0.000590703328,-0.000169639191
1.1673469387755102,1.110204081632653,0.000591226574,-0.00016907462
1.1673469387755102,1.1020408163265305,0.00059081526,-0.000168622892
1.1673469387755102,1.0938775510204082,0.000591252639,-0.0001689287
1.1673469387755102,1.0857142857142856,0.000590682627,-0.000168563355
1.1673469387755102,1.0775510204081633,0.00059126069,-0.000169051209
1.1673469387755102,1.0693877551020408,0.000591061838,-0.000167819339
1.1673469387755102,1.0612244897959184,0.000590757664,-0.000169142538
1.1673469387755102,1.0530612244897959,0.000590531021,-0.000168385837
1.1673469387755102,1.0448979591836736,0.000590585071,-0.000168624176
1.1673469387755102,1.036734693877551,0.000591339753,-0.000168705421
1.1673469387755102,1.0285714285714285,0.000590964854,-0.000169028635
1.1673469387755102,1.0204081632653061,0.000591273053,-0.000169361963
1.1673469387755102,1.0122448979591836,0.000591297872,-0.000168721959
1.1673469387755102,1.0040816326530613,0.000590909751,-0.000169431583
1.1673469387755102,0.9959183673469387,0.000591258964,-0.000168883357
1.1673469387755102,0.9877551020408163,0.000591511866,-0.000168627613
1.1673469387755102,0.9795918367346939,0.000592845378,-0.000168989297
1.1673469387755102,0.9714285714285714,0.000592700095,-0.000169456085
1.1673469387755102,0.963265306122449,0.000592631863,-0.000168075083
1.1673469387755102,0.9551020408163265,0.000592746575,-0.00016828677
1.1673469387755102,0.9469387755102041,0.000592530087,-0.000169079147
1.1673469387755102,0.9387755102040816,0.000591947713,-0.000168688658
1.1673469387755102,0.9306122448979592,0.00059380447,-0.000169563759
1.1673469387755102,0.9224489795918367,0.000593327223,-0.000168942669
1.1673469387755102,0.9142857142857143,0.000593230433,-0.000169112448
1.1673469387755102,0.9061224489795918,0.000595764822,-0.00017000476
1.1673469387755102,0.8979591836734694,0.000595090736,-0.000168651472
1.1673469387755102,0.889795918367347,0.00059443361,-0.000168616662
1.1673469387755102,0.8816326530612244,0.000593369677,-0.000169220764
1.1673469387755102,0.8734693877551021,0.00059390126,-0.000168347366
1.1673469387755102,0.8653061224489795,0.000594178409,-0.000168818682
1.1673469387755102,0.8571428571428572,0.00059338204,-0.000169320056
1.1673469387755102,0.8489795918367347,0.000594426999,-0.000169347994
1.1673469387755102,0.8408163265306122,0.000593704421,-0.000168914089
1.1673469387755102,0.8326530612244898,0.000594177642,-0.000168607414
1.1673469387755102,0.8244897959183674,0.000594535386,-0.000170263717
1.1673469387755102,0.8163265306122449,0.00059465393,-0.000169022405
1.1673469387755102,0.8081632653061225,0.000594047789,-0.000170136711
1.1673469387755102,0.8,0.00059510032,-0.000168969322
1.1591836734693877,1.2,0.000593819132,-0.000167138937
1.1591836734693877,1.1918367346938774,0.000594399014,-0.00016840003
1.1591836734693877,1.183673469387755,0.000593638968,-0.000168934288
1.1591836734693877,1.1755102040816325,0.000593089943,-0.000168114197
1.1591836734693877,1.1673469387755102,0.00059353336,-0.00016908451
1.1591836734693877,1.1591836734693877,0.00059465393,-0.000169309523
1.1591836734693877,1.1510204081632653,0.000593343898,-0.000167888766
1.1591836734693877,1.1428571428571428,0.000593133163,-0.000167876306
1.1591836734693877,1.1346938775510205,0.000593803704,-0.000167947853
1.1591836734693877,1.126530612244898,0.00059278347,-0.000168621158
1.1591836734693877,1.1183673469387754,0.000593264263,-0.000169055288
1.1591836734693877,1.110204081632653,0.000593786262,-0.000168229609
1.1591836734693877,1.1020408163265305,0.000594649618,-0.000168530697
1.1591836734693877,1.0938775510204082,0.000593472219,-0.000168937948
1.1591836734693877,1.0857142857142856,0.000593213758,-0.000169159943
1.1591836734693877,1.0775510204081633,0.000593403986,-0.000169234091
1.1591836734693877,1.0693877551020408,0.000593717837,-0.000168973401
1.1591836734693877,1.0612244897959184,0.000594208213,-0.000169459104
1.1591836734693877,1.0530612244897959,0.000594195084,-0.00016868564
1.1591836734693877,1.0448979591836736,0.000592909298,-0.000168900344
1.1591836734693877,1.036734693877551,0.000595205734,-0.000168865085
1.1591836734693877,1.0285714285714285,0.000594237537,-0.000168252377
1.1591836734693877,1.0204081632653061,0.000594077593,-0.000169082583
1.1591836734693877,1.0122448979591836,0.000595514699,-0.000169612762
1.1591836734693877,1.0040816326530613,0.000593723108,-0.000169039167
1.1591836734693877,0.9959183673469387,0.000594241563,-0.000169249569
1.1591836734693877,0.9877551020408163,0.000593946973,-0.000169667771
1.1591836734693877,0.9795918367346939,0.000594636202,-0.00016867318
1.1591836734693877,0.9714285714285714,0.000595305497,-0.000169379368
1.1591836734693877,0.963265306122449,0.000593941415,-0.000168576906
1.1591836734693877,0.9551020408163265,0.000593435803,-0.000168694246
1.1591836734693877,0.9469387755102041,0.000593659188,-0.000169030144
1.1591836734693877,0.9387755102040816,0.000592744562,-0.000169948018
1.1591836734693877,0.9306122448979592,0.00059333652,-0.000169781032
1.1591836734693877,0.9224489795918367,0.000593113709,-0.000169241187
1.1591836734693877,0.9142857142857143,0.000593439635,-0.00016814085
1.1591836734693877,0.9061224489795918,0.000592147045,-0.000169366908
1.1591836734693877,0.8979591836734694,0.000591582591,-0.000168166636
1.1591836734693877,0.889795918367347,0.000591222549,-0.000168814155
1.1591836734693877,0.8816326530612244,0.000592251406,-0.000169208304
1.1591836734693877,0.8734693877551021,0.000592176849,-0.000169463824
1.1591836734693877,0.8653061224489795,0.000591961322,-0.000168307611
1.1591836734693877,0.8571428571428572,0.000592143979,-0.000169312959
1.1591836734693877,0.8489795918367347,0.000590862506,-0.000169294045
1.1591836734693877,0.8408163265306122,0.000590224548,-0.00016983283
1.1591836734693877,0.8326530612244898,0.000592072008,-0.000168340718
1.1591836734693877,0.8244897959183674,0.000591614408,-0.000169175839
1.1591836734693877,0.8163265306122449,0.000591775885,-0.000170117797
1.1591836734693877,0.8081632653061225,0.000593348403,-0.000168530054
1.1591836734693877,0.8,0.000591575787,-0.000168664156
1.1510204081632653,1.2,0.000593464168,-0.000169970144
1.1510204081632653,1.1918367346938774,0.000592842118,-0.000170523764
1.1510204081632653,1.183673469387755,0.000592317053,-0.000170033116
1.1510204081632653,1.1755102040816325,0.000592009814,-0.00017061339
1.1510204081632653,1.1673469387755102,0.000592627071,-0.000171096492
1.1510204081632653,1.1591836734693877,0.000592799378,-0.000170236646
1.1510204081632653,1.1510204081632653,0.000592737471,-0.000170960014
1.1510204081632653,1.1428571428571428,0.00059200023,-0.000170195381
1.1510204081632653,1.1346938775510205,0.000592170045,-0.00017067312
1.1510204081632653,1.126530612244898,0.000593010594,-0.00017076554
1.1510204081632653,1.1183673469387754,0.000592336793,-0.000170594251
1.1510204081632653,1.110204081632653,0.000591595721,-0.000169550432
1.1510204081632653,1.1020408163265305,0.000592051788,-0.00016867318
1.1510204081632653,1.0938775510204082,0.000591553267,-0.000169002848
1.1510204081632653,1.0857142857142856,0.000590551241,-0.000168235839
1.1510204081632653,1.0775510204081633,0.000590181328,-0.000168850698
1.1510204081632653,1.0693877551020408,0.000590866051,-0.000168661363
1.1510204081632653,1.0612244897959184,0.000591600319,-0.000168639655
1.1510204081632653,1.0530612244897959,0.000591453218,-0.00016861451
1.1510204081632653,1.0448979591836736,0.000591004242,-0.000168411206
1.1510204081632653,1.036734693877551,0.00059207728,-0.000169065821
1.1510204081632653,1.0285714285714285,0.000591385752,-0.00016856981
1.1510204081632653,1.0204081632653061,0.000590973192,-0.000170103828
1.1510204081632653,1.0122448979591836,0.000591170031,-0.000169621144
1.1510204081632653,1.0040816326530613,0.000592395156,-0.000169915135
1.1510204081632653,0.9959183673469387,0.000592484568,-0.000170092877
1.1510204081632653,0.9877551020408163,0.000591541384,-0.000169066463
1.1510204081632653,0.9795918367346939,0.000591722795,-0.000169577085
1.1510204081632653,0.9714285714285714,0.000591336494,-0.000167738961
1.1510204081632653,0.963265306122449,0.000591884272,-0.000168807925
1.1510204081632653,0.9551020408163265,0.000590889051,-0.000169437395
1.1510204081632653,0.9469387755102041,0.000590993412,-0.000168224439
1.1510204081632653,0.9387755102040816,0.000590721822,-0.000169262895
1.1510204081632653,0.9306122448979592,0.000591702861,-0.00016888143
1.1510204081632653,0.9224489795918367,0.000591130837,-0.000168550253
1.1510204081632653,0.9142857142857143,0.00059076121,-0.000168573246
1.1510204081632653,0.9061224489795918,0.000591421401,-0.000167910249
1.1510204081632653,0.8979591836734694,0.000592755678,-0.000167866191
1.1510204081632653,0.889795918367347,0.000592045749,-0.000168611717
1.1510204081632653,0.8816326530612244,0.000591744262,-0.000167911534
1.1510204081632653,0.8734693877551021,0.000590201068,-0.000167637742
1.1510204081632653,0.8653061224489795,0.000591399934,-0.000167403063
1.1510204081632653,0.8571428571428572,0.000592496451,-0.000166978406
1.1510204081632653,0.8489795918367347,0.000591560358,-0.000167731222
1.1510204081632653,0.8408163265306122,0.000591701328,-0.000166936499
1.1510204081632653,0.8326530612244898,0.000592124525,-0.000167876306
1.1510204081632653,0.8244897959183674,0.000591654849,-0.000167849653
1.1510204081632653,0.8163265306122449,0.000591845364,-0.000167006344
1.1510204081632653,0.8081632653061225,0.000590287222,-0.000166904901
1.1510204081632653,0.8,0.000590829156,-0.000167931315
1.1428571428571428,1.2,0.000592474984,-0.00016849351
1.1428571428571428,1.1918367346938774,0.00059364328,-0.000168405394
1.1428571428571428,1.183673469387755,0.00059143405,-0.000168710366
1.1428571428571428,1.1755102040816325,0.000591894622,-0.000169138877
1.1428571428571428,1.1673469387755102,0.0005914881,-0.000168544665
1.1428571428571428,1.1591836734693877,0.000592175316,-0.00016903358
1.1428571428571428,1.1510204081632653,0.000591670278,-0.000168933421
1.1428571428571428,1.1428571428571428,0.000591574254,-0.000169074202
1.1428571428571428,1.1346938775510205,0.000591383739,-0.00016881287
1.1428571428571428,1.126530612244898,0.000592165446,-0.000168950408
1.1428571428571428,1.1183673469387754,0.000590941855,-0.000168867237
1.1428571428571428,1.110204081632653,0.000591149524,-0.000168229609
1.1428571428571428,1.1020408163265305,0.000590883012,-0.000169071408
1.1428571428571428,1.0938775510204082,0.000591935063,-0.000168815664
1.1428571428571428,1.0857142857142856,0.000591686666,-0.000168548968
1.1428571428571428,1.0775510204081633,0.000592854961,-0.000168418078
1.1428571428571428,1.0693877551020408,0.000591963335,-0.000168141268
1.1428571428571428,1.0612244897959184,0.000590800598,-0.000167995348
1.1428571428571428,1.0530612244897959,0.00059072834,-0.000167951514
1.1428571428571428,1.0448979591836736,0.000592389597,-0.000168189629
1.1428571428571428,1.036734693877551,0.000591730653,-0.000168543156
1.1428571428571428,1.0285714285714285,0.000592574554,-0.000168131184
1.1428571428571428,1.0204081632653061,0.00059237139,-0.000168284618
1.1428571428571428,1.0122448979591836,0.000592259457,-0.000167458715
1.1428571428571428,1.0040816326530613,0.000592961815,-0.000166994302
1.1428571428571428,0.9959183673469387,0.000592362766,-0.000167263373
1.1428571428571428,0.9877551020408163,0.000592708913,-0.000166755545
1.1428571428571428,0.9795918367346939,0.000592564684,-0.000168145571
1.1428571428571428,0.9714285714285714,0.000592894636,-0.000167974507
1.1428571428571428,0.963265306122449,0.000592102865,-0.000168611074
1.1428571428571428,0.9551020408163265,0.000591660888,-0.000167114435
1.1428571428571428,0.9469387755102041,0.000591738224,-0.000167331709
1.1428571428571428,0.9387755102040816,0.000591853702,-0.000167419826
1.1428571428571428,0.9306122448979592,0.000591639707,-0.000166439622
1.1428571428571428,0.9224489795918367,0.000592269041,-0.000165793612
1.1428571428571428,0.9142857142857143,0.000591829169,-0.000166488625
1.1428571428571428,0.9061224489795918,0.000591687239,-0.00016652989
1.1428571428571428,0.8979591836734694,0.000591405206,-0.000166963795
1.1428571428571428,0.889795918367347,0.000592409051,-0.000167496543
1.1428571428571428,0.8816326530612244,0.000591342532,-0.00016642135
1.1428571428571428,0.8734693877551021,0.000592709199,-0.00016641878
1.1428571428571428,0.8653061224489795,0.000592772353,-0.000167348696
1.1428571428571428,0.8571428571428572,0.000592720029,-0.0001669251
1.1428571428571428,0.8489795918367347,0.000593288509,-0.000169147707
1.1428571428571428,0.8408163265306122,0.000591853702,-0.000167680516
1.1428571428571428,0.8326530612244898,0.000594294367,-0.000168173509
1.1428571428571428,0.8244897959183674,0.000591647278,-0.000166949826
1.1428571428571428,0.8163265306122449,0.000593185966,-0.000167401554
1.1428571428571428,0.8081632653061225,0.000593800925,-0.000167187074
1.1428571428571428,0.8,0.000592968906,-0.000167488386
1.1346938775510205,1.2,0.000592787302,-0.000169406021
1.1346938775510205,1.1918367346938774,0.000592886585,-0.000168467306
1.1346938775510205,1.183673469387755,0.000593658422,-0.000167980319
1.1346938775510205,1.1755102040816325,0.0005937509,-0.000169040034
1.1346938775510205,1.1673469387755102,0.000593575814,-0.000169424069
1.1346938775510205,1.1591836734693877,0.000593528568,-0.000169155222
1.1346938775510205,1.1510204081632653,0.000592775132,-0.000169244399
1.1346938775510205,1.1428571428571428,0.000593594021,-0.000169429656
1.1346938775510205,1.1346938775510205,0.000593344378,-0.000170129615
1.1346938775510205,1.126530612244898,0.000593506335,-0.000170576846
1.1346938775510205,1.1183673469387754,0.000592754912,-0.00016950981
1.1346938775510205,1.110204081632653,0.000591748574,-0.000170433271
1.1346938775510205,1.1020408163265305,0.000592514852,-0.000169890633
1.1346938775510205,1.0938775510204082,0.000592835794,-0.000168786217
1.1346938775510205,1.0857142857142856,0.000591758444,-0.000169542051
1.1346938775510205,1.0775510204081633,0.000592446907,-0.000168870673
1.1346938775510205,1.0693877551020408,0.000591818053,-0.000169229145
1.1346938775510205,1.0612244897959184,0.000592939389,-0.000169759549
1.1346938775510205,1.0530612244897959,0.000592721562,-0.000168386704
1.1346938775510205,1.0448979591836736,0.000591797639,-0.000169775445
1.1346938775510205,1.036734693877551,0.000591170225,-0.000169758682
1.1346938775510205,1.0285714285714285,0.000591701901,-0.000169153937
1.1346938775510205,1.0204081632653061,0.00059241461,-0.00016974558
1.1346938775510205,1.0122448979591836,0.000592276899,-0.00016965316
1.1346938775510205,1.0040816326530613,0.000592596307,-0.000169072051
1.1346938775510205,0.9959183673469387,0.000593453531,-0.00016881287
1.1346938775510205,0.9877551020408163,0.000592683901,-0.000168865085
1.1346938775510205,0.9795918367346939,0.000592023996,-0.000169032071
1.1346938775510205,0.9714285714285714,0.000592418635,-0.000169220122
1.1346938775510205,0.963265306122449,0.000592682941,-0.000169753319
1.1346938775510205,0.9551020408163265,0.000592309002,-0.000169897729
1.1346938775510205,0.9469387755102041,0.000591557579,-0.000169795644
1.1346938775510205,0.9387755102040816,0.000591491646,-0.000168975552
1.1346938775510205,0.9306122448979592,0.00059205428,-0.000169499083
1.1346938775510205,0.9224489795918367,0.000591115695,-0.000169144689
1.1346938775510205,0.9142857142857143,0.00059098958,-0.000168862934
1.1346938775510205,0.9061224489795918,0.000591681874,-0.00016745743
1.1346938775510205,0.8979591836734694,0.000591812781,-0.000168608923
1.1346938775510205,0.889795918367347,0.000591810768,-0.000168679186
1.1346938775510205,0.8816326530612244,0.000592554333,-0.000168969098
1.1346938775510205,0.8734693877551021,0.000591123552,-0.00016780537
1.1346938775510205,0.8653061224489795,0.000590927192,-0.000169044755
1.1346938775510205,0.8571428571428572,0.00059004285,-0.00016889389
1.1346938775510205,0.8489795918367347,0.000589963788,-0.00016855841
1.1346938775510205,0.8408163265306122,0.000591594188,-0.000168034043
1.1346938775510205,0.8326530612244898,0.000590752106,-0.000168548744
1.1346938775510205,0.8244897959183674,0.00059175164,-0.00016908602
1.1346938775510205,0.8163265306122449,0.000589823584,-0.000168819324
1.1346938775510205,0.8081632653061225,0.000591774353,-0.000168761072
1.1346938775510205,0.8,0.000591201848,-0.00016929276
1.126530612244898,1.2,0.000590655316,-0.000168045218
1.126530612244898,1.1918367346938774,0.000590505528,-0.000168775041
1.126530612244898,1.183673469387755,0.000590407205,-0.000168410339
1.126530612244898,1.1755102040816325,0.000590012566,-0.000169681965
1.126530612244898,1.1673469387755102,0.000589315,-0.000168687567
1.126530612244898,1.1591836734693877,0.000590502943,-0.000168524884
1.126530612244898,1.1510204081632653,0.000589769534,-0.000168459985
1.126530612244898,1.1428571428571428,0.00058951232,-0.000168813512
1.126530612244898,1.1346938775510205,0.000589655302,-0.000169606083
1.126530612244898,1.126530612244898,0.000589655589,-0.000168777417
1.126530612244898,1.1183673469387754,0.000588690652,-0.000167737676
1.126530612244898,1.110204081632653,0.000589398374,-0.000169312959
1.126530612244898,1.1020408163265305,0.000590669498,-0.000169355509
1.126530612244898,1.0938775510204082,0.000590459243,-0.000169849593
1.126530612244898,1.0857142857142856,0.000590560345,-0.000168606996
1.126530612244898,1.0775510204081633,0.000589918842,-0.000169125133
1.126530612244898,1.0693877551020408,0.000589544903,-0.000169759967
1.126530612244898,1.0612244897959184,0.000590552774,-0.000169323492
1.126530612244898,1.0530612244897959,0.000588779871,-0.00016896868
1.126530612244898,1.0448979591836736,0.000589577006,-0.000169505089
1.126530612244898,1.036734693877551,0.000588794726,-0.000170076757
1.126530612244898,1.0285714285714285,0.000589109343,-0.000170005178
1.126530612244898,1.0204081632653061,0.000589006228,-0.000170507868
1.126530612244898,1.0122448979591836,0.0005887723,-0.00016988633
1.126530612244898,1.0040816326530613,0.000587962515,-0.000169306087
1.126530612244898,0.9959183673469387,0.000589200768,-0.000169184445
1.126530612244898,0.9877551020408163,0.000589500437,-0.000169150919
1.126530612244898,0.9795918367346939,0.000589406712,-0.000168815021
1.126530612244898,0.9714285714285714,0.000589715677,-0.000168873467
1.126530612244898,0.963265306122449,0.000590646498,-0.000168833069
1.126530612244898,0.9551020408163265,0.000591262989,-0.000168665441
1.126530612244898,0.9469387755102041,0.000590147498,-0.000167969561
1.126530612244898,0.9387755102040816,0.000591100266,-0.000168791804
1.126530612244898,0.9306122448979592,0.000590361493,-0.000169621786
1.126530612244898,0.9224489795918367,0.000589122952,-0.000169501428
1.126530612244898,0.9142857142857143,0.00059012929,-0.000168726262
1.126530612244898,0.9061224489795918,0.000589558799,-0.00016924549
1.126530612244898,0.8979591836734694,0.000590204327,-0.00016913695
1.126530612244898,0.889795918367347,0.000589577006,-0.000168952784
1.126530612244898,0.8816326530612244,0.000589735418,-0.000169244624
1.126530612244898,0.8734693877551021,0.000590370596,-0.000167925503
1.126530612244898,0.8653061224489795,0.000590271507,-0.000168782138
1.126530612244898,0.8571428571428572,0.000589451658,-0.000169296421
1.126530612244898,0.8489795918367347,0.000590184873,-0.000169422142
1.126530612244898,0.8408163265306122,0.000589807676,-0.000168306326
1.126530612244898,0.8326530612244898,0.000589729093,-0.000168846395
1.126530612244898,0.8244897959183674,0.000588863245,-0.00016918316
1.126530612244898,0.8163265306122449,0.000588644652,-0.000169423427
1.126530612244898,0.8081632653061225,0.000589594161,-0.000169465976
1.126530612244898,0.8,0.000589699769,-0.00017018077
1.1183673469387754,1.2,0.000590492592,-0.00016746366
1.1183673469387754,1.1918367346938774,0.000591753366,-0.000166513769
1.1183673469387754,1.183673469387755,0.000590201262,-0.000167354926
1.1183673469387754,1.1755102040816325,0.000590519424,-0.000166614988
1.1183673469387754,1.1673469387755102,0.000590659148,-0.000166318622
1.1183673469387754,1.1591836734693877,0.000590214964,-0.000168049715
1.1183673469387754,1.1510204081632653,0.000590532267,-0.000166865145
1.1183673469387754,1.1428571428571428,0.00059013111,-0.000165748045
1.1183673469387754,1.1346938775510205,0.000591032034,-0.000166715565
1.1183673469387754,1.126530612244898,0.000589854155,-0.000165669176
1.1183673469387754,1.1183673469387754,0.00058992488,-0.000167545771
1.1183673469387754,1.110204081632653,0.000591237977,-0.000167011065
1.1183673469387754,1.1020408163265305,0.000590019657,-0.000166571797
1.1183673469387754,1.0938775510204082,0.000590109356,-0.000166706959
1.1183673469387754,1.0857142857142856,0.000591164953,-0.000167713175
1.1183673469387754,1.0775510204081633,0.000590144433,-0.000166870733
1.1183673469387754,1.0693877551020408,0.000591779145,-0.00016627543
1.1183673469387754,1.0612244897959184,0.000589881946,-0.000165944253
1.1183673469387754,1.0530612244897959,0.000590529008,-0.00016561953
1.1183673469387754,1.0448979591836736,0.000590434997,-0.000166537629
1.1183673469387754,1.036734693877551,0.000590574241,-0.000165402481
1.1183673469387754,1.0285714285714285,0.000590438542,-0.000167319667
1.1183673469387754,1.0204081632653061,0.000589602212,-0.000166463257
1.1183673469387754,1.0122448979591836,0.000590046969,-0.0001672767
1.1183673469387754,1.0040816326530613,0.000589672744,-0.000165651129
1.1183673469387754,0.9959183673469387,0.000590588903,-0.000165043784
1.1183673469387754,0.9877551020408163,0.000589218976,-0.000165657777
1.1183673469387754,0.9795918367346939,0.000588418295,-0.000165027021
1.1183673469387754,0.9714285714285714,0.000589150264,-0.000165187134
1.1183673469387754,0.963265306122449,0.000588045409,-0.000167648917
1.1183673469387754,0.9551020408163265,0.000588940295,-0.0001676818
1.1183673469387754,0.9469387755102041,0.000589446386,-0.000167784304
1.1183673469387754,0.9387755102040816,0.000590573188,-0.000167303771
1.1183673469387754,0.9306122448979592,0.00058895697,-0.000166663768
1.1183673469387754,0.9224489795918367,0.000588702821,-0.000166065253
1.1183673469387754,0.9142857142857143,0.000590388038,-0.00016705856
1.1183673469387754,0.9061224489795918,0.000589706094,-0.000166056872
1.1183673469387754,0.8979591836734694,0.000589657315,-0.000166812063
1.1183673469387754,0.889795918367347,0.000589398854,-0.000167229848
1.1183673469387754,0.8816326530612244,0.0005892483,-0.000167348696
1.1183673469387754,0.8734693877551021,0.000588470332,-0.00016728293
1.1183673469387754,0.8653061224489795,0.000587496864,-0.000166246432
1.1183673469387754,0.8571428571428572,0.000587799311,-0.000166223857
1.1183673469387754,0.8489795918367347,0.0005882273,-0.000166281018
1.1183673469387754,0.8408163265306122,0.000588139614,-0.00016624685
1.1183673469387754,0.8326530612244898,0.000588020877,-0.000167160003
1.1183673469387754,0.8244897959183674,0.000587852595,-0.000166684833
1.1183673469387754,0.8163265306122449,0.000588869763,-0.000166938008
1.1183673469387754,0.8081632653061225,0.000587061018,-0.000166932839
1.1183673469387754,0.8,0.000586725987,-0.000165943835
1.110204081632653,1.2,0.000588321791,-0.000167001175
1.110204081632653,1.1918367346938774,0.000588829129,-0.00016666335
1.110204081632653,1.183673469387755,0.000587561837,-0.000166978406
1.110204081632653,1.1755102040816325,0.00058780583,-0.000165829707
1.110204081632653,1.1673469387755102,0.00058887005,-0.000167330425
1.110204081632653,1.1591836734693877,0.000588373829,-0.000166828826
1.110204081632653,1.1510204081632653,0.000587694664,-0.000166728249
1.110204081632653,1.1428571428571428,0.000588162613,-0.000166136383
1.110204081632653,1.1346938775510205,0.000588153796,-0.000166983352
1.110204081632653,1.126530612244898,0.000587916996,-0.000166634321
1.110204081632653,1.1183673469387754,0.000587750533,-0.000166150576
1.110204081632653,1.110204081632653,0.000586884399,-0.000166612419
1.110204081632653,1.1020408163265305,0.00058760851,-0.000167138519
1.110204081632653,1.0938775510204082,0.000588189159,-0.000165641881
1.110204081632653,1.0857142857142856,0.00058714238,-0.00016719674
1.110204081632653,1.0775510204081633,0.000588518344,-0.00016746883
1.110204081632653,1.0693877551020408,0.000587959449,-0.000167117229
1.110204081632653,1.0612244897959184,0.000587269454,-0.000167890693
1.110204081632653,1.0530612244897959,0.000586880373,-0.000167482799
1.110204081632653,1.0448979591836736,0.000589520177,-0.000167867058
1.110204081632653,1.036734693877551,0.000587551201,-0.000167887257
1.110204081632653,1.0285714285714285,0.00058780583,-0.00016769943
1.110204081632653,1.0204081632653061,0.000588605264,-0.000168103021
1.110204081632653,1.0122448979591836,0.000586916502,-0.000168935797
1.110204081632653,1.0040816326530613,0.00058697889,-0.000167825793
1.110204081632653,0.9959183673469387,0.000587016072,-0.000167838671
1.110204081632653,0.9877551020408163,0.000587862465,-0.000167638384
1.110204081632653,0.9795918367346939,0.000587569602,-0.000168696815
1.110204081632653,0.9714285714285714,0.00058823717,-0.000168891096
1.110204081632653,0.963265306122449,0.0005865095,-0.000168493735
1.110204081632653,0.9551020408163265,0.000585525875,-0.00016916187
1.110204081632653,0.9469387755102041,0.00058729322,-0.000168506837
1.110204081632653,0.9387755102040816,0.000587340945,-0.000167175481
1.110204081632653,0.9306122448979592,0.000588440048,-0.00016965316
1.110204081632653,0.9224489795918367,0.000587993565,-0.000169034864
1.110204081632653,0.9142857142857143,0.000588625965,-0.000168880145
1.110204081632653,0.9061224489795918,0.000588132523,-0.000167988476
1.110204081632653,0.8979591836734694,0.000587437736,-0.000168502116
1.110204081632653,0.889795918367347,0.00058806429,-0.00016797258
1.110204081632653,0.8816326530612244,0.000588056239,-0.000168377038
1.110204081632653,0.8734693877551021,0.00058808729,-0.000169782317
1.110204081632653,0.8653061224489795,0.000588776325,-0.000168150291
1.110204081632653,0.8571428571428572,0.000588982749,-0.000167617125
1.110204081632653,0.8489795918367347,0.000589456737,-0.000167836102
1.110204081632653,0.8408163265306122,0.000589603265,-0.00016774047
1.110204081632653,0.8326530612244898,0.000588816,-0.000167525348
1.110204081632653,0.8244897959183674,0.000588981216,-0.000168748613
1.110204081632653,0.8163265306122449,0.000589818792,-0.000168997036
1.110204081632653,0.8081632653061225,0.000589485294,-0.000168701118
1.110204081632653,0.8,0.000590671991,-0.000168504043
1.1020408163265305,1.2,0.000590460296,-0.000167368029
1.1020408163265305,1.1918367346938774,0.000589470632,-0.000168345439
1.1020408163265305,1.183673469387755,0.000589294013,-0.000168096149
1.1020408163265305,1.1755102040816325,0.000589037565,-0.000167585945
1.1020408163265305,1.1673469387755102,0.000588744222,-0.000167265943
1.1020408163265305,1.1591836734693877,0.000588934737,-0.000166326361
1.1020408163265305,1.1510204081632653,0.000588579486,-0.000166991508
1.1020408163265305,1.1428571428571428,0.000587898308,-0.000167458297
1.1020408163265305,1.1346938775510205,0.000587950345,-0.000166920797
1.1020408163265305,1.126530612244898,0.000588189638,-0.000167192886
1.1020408163265305,1.1183673469387754,0.000588353895,-0.000168261625
1.1020408163265305,1.110204081632653,0.000588868803,-0.000168410339
1.1020408163265305,1.1020408163265305,0.000588857207,-0.000167656432
1.1020408163265305,1.0938775510204082,0.000587474631,-0.000168451603
1.1020408163265305,1.0857142857142856,0.000587906932,-0.000168102379
1.1020408163265305,1.0775510204081633,0.000588612835,-0.000168156328
1.1020408163265305,1.0693877551020408,0.000588259404,-0.000168084332
1.1020408163265305,1.0612244897959184,0.000588073201,-0.000168557768
1.1020408163265305,1.0530612244897959,0.000587784649,-0.000169102558
1.1020408163265305,1.0448979591836736,0.000588421554,-0.00016802351
1.1020408163265305,1.036734693877551,0.000588408711,-0.000167920558
1.1020408163265305,1.0285714285714285,0.000587826816,-0.000167852446
1.1020408163265305,1.0204081632653061,0.000588910971,-0.000169327571
1.1020408163265305,1.0122448979591836,0.000588883946,-0.00016824056
1.1020408163265305,1.0040816326530613,0.000588878674,-0.000168624401
1.1020408163265305,0.9959183673469387,0.000587923607,-0.000167442819
1.1020408163265305,0.9877551020408163,0.000588192898,-0.000167101109
1.1020408163265305,0.9795918367346939,0.000589284143,-0.000168089919
1.1020408163265305,0.9714285714285714,0.000588324284,-0.000168823178
1.1020408163265305,0.963265306122449,0.000588465541,-0.000168395085
1.1020408163265305,0.9551020408163265,0.000588806896,-0.000167580581
1.1020408163265305,0.9469387755102041,0.000589110589,-0.000167277985
1.1020408163265305,0.9387755102040816,0.000589109823,-0.000167708229
1.1020408163265305,0.9306122448979592,0.000589376908,-0.000168275594
1.1020408163265305,0.9224489795918367,0.000589283663,-0.000168164067
1.1020408163265305,0.9142857142857143,0.000588899374,-0.000168165127
1.1020408163265305,0.9061224489795918,0.000587475397,-0.000169088813
1.1020408163265305,0.8979591836734694,0.000589562344,-0.000168424308
1.1020408163265305,0.889795918367347,0.000588558019,-0.000169136308
1.1020408163265305,0.8816326530612244,0.000587716417,-0.000168666083
1.1020408163265305,0.8734693877551021,0.000589052994,-0.000169012096
1.1020408163265305,0.8653061224489795,0.000588275026,-0.000168036195
1.1020408163265305,0.8571428571428572,0.000588146418,-0.00016844258
1.1020408163265305,0.8489795918367347,0.0005887493,-0.000168319653
1.1020408163265305,0.8408163265306122,0.000589135122,-0.000168501249
1.1020408163265305,0.8326530612244898,0.000589997138,-0.000168620098
1.1020408163265305,0.8244897959183674,0.000589579019,-0.000169018968
1.1020408163265305,0.8163265306122449,0.000588594148,-0.000168717238
1.1020408163265305,0.8081632653061225,0.000588195963,-0.000168122802
1.1020408163265305,0.8,0.000588934257,-0.000168808791
1.0938775510204082,1.2,0.000590972425,-0.000168706481
1.0938775510204082,1.1918367346938774,0.000590871609,-0.000168304175
1.0938775510204082,1.183673469387755,0.000590898921,-0.000168937948
1.0938775510204082,1.1755102040816325,0.000590908505,-0.000168418078
1.0938775510204082,1.1673469387755102,0.000589892296,-0.000168855644
1.0938775510204082,1.1591836734693877,0.000589964074,-0.000169378501
1.0938775510204082,1.1510204081632653,0.000588942788,-0.000170001742
1.0938775510204082,1.1428571428571428,0.000588551501,-0.000168772248
1.0938775510204082,1.1346938775510205,0.000588393283,-0.000169481454
1.0938775510204082,1.126530612244898,0.000589997904,-0.000169398282
1.0938775510204082,1.1183673469387754,0.000588679821,-0.000169514113
1.0938775510204082,1.110204081632653,0.00059023873,-0.000169107728
1.0938775510204082,1.1020408163265305,0.000589029514,-0.000169930837
1.0938775510204082,1.0938775510204082,0.000587800558,-0.000169823164
1.0938775510204082,1.0857142857142856,0.000588339233,-0.000169946091
1.0938775510204082,1.0775510204081633,0.000587549668,-0.000169842496
1.0938775510204082,1.0693877551020408,0.000588365491,-0.000170235136
1.0938775510204082,1.0612244897959184,0.000589157069,-0.000170659375
1.0938775510204082,1.0530612244897959,0.000588083551,-0.000170200744
1.0938775510204082,1.0448979591836736,0.000588444074,-0.000170246954
1.0938775510204082,1.036734693877551,0.000587460735,-0.000169615332
1.0938775510204082,1.0285714285714285,0.000587514785,-0.000169187463
1.0938775510204082,1.0204081632653061,0.000588159068,-0.000168970189
1.0938775510204082,1.0122448979591836,0.000587985994,-0.000170279195
1.0938775510204082,1.0040816326530613,0.000587281337,-0.000170332277
1.0938775510204082,0.9959183673469387,0.000587537785,-0.000169470697
1.0938775510204082,0.9877551020408163,0.000587899841,-0.000169785111
1.0938775510204082,0.9795918367346939,0.000587389724,-0.000169779105
1.0938775510204082,0.9714285714285714,0.000588089589,-0.000169326286
1.0938775510204082,0.963265306122449,0.000586872322,-0.000169453516
1.0938775510204082,0.9551020408163265,0.000587903386,-0.000169692273
1.0938775510204082,0.9469387755102041,0.000587416269,-0.000169868507
1.0938775510204082,0.9387755102040816,0.000587312194,-0.000169573649
1.0938775510204082,0.9306122448979592,0.000586009733,-0.000168248299
1.0938775510204082,0.9224489795918367,0.000587051914,-0.000168484711
1.0938775510204082,0.9142857142857143,0.000587426906,-0.000169263538
1.0938775510204082,0.9061224489795918,0.000587140367,-0.000168129675
1.0938775510204082,0.8979591836734694,0.000586661587,-0.000169787262
1.0938775510204082,0.889795918367347,0.000586705767,-0.000169280301
1.0938775510204082,0.8816326530612244,0.000586826803,-0.000168234972
1.0938775510204082,0.8734693877551021,0.000587267441,-0.000168703045
1.0938775510204082,0.8653061224489795,0.000586944774,-0.000169614689
1.0938775510204082,0.8571428571428572,0.000587386178,-0.000168677259
1.0938775510204082,0.8489795918367347,0.000587913256,-0.000168975552
1.0938775510204082,0.8408163265306122,0.000586138534,-0.000169240545
1.0938775510204082,0.8326530612244898,0.000586860153,-0.000168437634
1.0938775510204082,0.8244897959183674,0.000587562031,-0.000168176945
1.0938775510204082,0.8163265306122449,0.000587502422,-0.000168117633
1.0938775510204082,0.8081632653061225,0.000588514032,-0.000168438501
1.0938775510204082,0.8,0.000586958956,-0.00016797258
1.0857142857142856,1.2,0.000586522823,-0.000169157149
1.0857142857142856,1.1918367346938774,0.000586977643,-0.000169383671
1.0857142857142856,1.183673469387755,0.000586480369,-0.000169194111
1.0857142857142856,1.1755102040816325,0.00058625909,-0.000168032534
1.0857142857142856,1.1673469387755102,0.000586132976,-0.000169504447
1.0857142857142856,1.1591836734693877,0.000585595834,-0.000169422784
1.0857142857142856,1.1510204081632653,0.000586183287,-0.000169355509
1.0857142857142856,1.1428571428571428,0.000586601692,-0.000169056797
1.0857142857142856,1.1346938775510205,0.000586567096,-0.000169560547
1.0857142857142856,1.126530612244898,0.000587614068,-0.000168684998
1.0857142857142856,1.1183673469387754,0.000587228053,-0.000169055288
1.0857142857142856,1.110204081632653,0.000587586277,-0.000169532609
1.0857142857142856,1.1020408163265305,0.000585907865,-0.000168686282
1.0857142857142856,1.0938775510204082,0.000586581758,-0.000168851341
1.0857142857142856,1.0857142857142856,0.000586018551,-0.000168799543
1.0857142857142856,1.0775510204081633,0.000585773986,-0.000169275998
1.0857142857142856,1.0693877551020408,0.000586524162,-0.000169492629
1.0857142857142856,1.0612244897959184,0.000585899814,-0.000168640939
1.0857142857142856,1.0530612244897959,0.000586560485,-0.000168348233
1.0857142857142856,1.0448979591836736,0.000586599393,-0.000168527903
1.0857142857142856,1.036734693877551,0.00058581414,-0.000168563355
1.0857142857142856,1.0285714285714285,0.000586449319,-0.000168895399
1.0857142857142856,1.0204081632653061,0.00058590106,-0.000168114421
1.0857142857142856,1.0122448979591836,0.000585105937,-0.000169667129
1.0857142857142856,1.0040816326530613,0.000586208299,-0.000168752049
1.0857142857142856,0.9959183673469387,0.000585937189,-0.000169097195
1.0857142857142856,0.9877551020408163,0.000586049888,-0.000169236242
1.0857142857142856,0.9795918367346939,0.000585330282,-0.000169405155
1.0857142857142856,0.9714285714285714,0.000585384905,-0.000170307133
1.0857142857142856,0.963265306122449,0.000585808582,-0.000169067972
1.0857142857142856,0.9551020408163265,0.000585848256,-0.00016927041
1.0857142857142856,0.9469387755102041,0.00058585736,-0.000169323717
1.0857142857142856,0.9387755102040816,0.000585597653,-0.000168763866
1.0857142857142856,0.9306122448979592,0.000585718403,-0.000170190854
1.0857142857142856,0.9224489795918367,0.000586283336,-0.000169768348
1.0857142857142856,0.9142857142857143,0.000586844244,-0.00017006343
1.0857142857142856,0.9061224489795918,0.00058606503,-0.000168254304
1.0857142857142856,0.8979591836734694,0.000588018098,-0.000169452649
1.0857142857142856,0.889795918367347,0.000587150717,-0.000169950169
1.0857142857142856,0.8816326530612244,0.000587135575,-0.000169052494
1.0857142857142856,0.8734693877551021,0.00058705594,-0.000168457833
1.0857142857142856,0.8653061224489795,0.000585670391,-0.000170123385
1.0857142857142856,0.8571428571428572,0.000585864451,-0.000168425817
1.0857142857142856,0.8489795918367347,0.000585353568,-0.000167668474
1.0857142857142856,0.8408163265306122,0.000586548122,-0.000168960941
1.0857142857142856,0.8326530612244898,0.000586224688,-0.000169762985
1.0857142857142856,0.8244897959183674,0.000585438475,-0.000169054645
1.0857142857142856,0.8163265306122449,0.000585876334,-0.000169209589
1.0857142857142856,0.8081632653061225,0.000586142846,-0.000169770724
1.0857142857142856,0.8,0.000585884385,-0.000169723872
1.0775510204081633,1.2,0.000586514772,-0.00017098625
1.0775510204081633,1.1918367346938774,0.000587131263,-0.00017026285
1.0775510204081633,1.183673469387755,0.000587014825,-0.00017090995
1.0775510204081633,1.1755102040816325,0.000585895502,-0.000170754782
1.0775510204081633,1.1673469387755102,0.000585770727,-0.000169624804
1.0775510204081633,1.1591836734693877,0.000585049108,-0.000170105337
1.0775510204081633,1.1510204081632653,0.000587047889,-0.000170618529
1.0775510204081633,1.1428571428571428,0.000586002642,-0.000170541169
1.0775510204081633,1.1346938775510205,0.000586829102,-0.000170381698
1.0775510204081633,1.126530612244898,0.000587964814,-0.000169439965
1.0775510204081633,1.1183673469387754,0.000588017331,-0.000170465512
1.0775510204081633,1.110204081632653,0.000588443787,-0.00017047627
1.0775510204081633,1.1020408163265305,0.000587486228,-0.000171042126
1.0775510204081633,1.0938775510204082,0.000587904633,-0.000170392874
1.0775510204081633,1.0857142857142856,0.00058734727,-0.000170165516
1.0775510204081633,1.0775510204081633,0.000588197496,-0.000170785739
1.0775510204081633,1.0693877551020408,0.000587944307,-0.000170152832
1.0775510204081633,1.0612244897959184,0.000588310675,-0.000169669281
1.0775510204081633,1.0530612244897959,0.000587995385,-0.000170411146
1.0775510204081633,1.0448979591836736,0.000588842258,-0.000169657239
1.0775510204081633,1.036734693877551,0.00058872908,-0.000170343677
1.0775510204081633,1.0285714285714285,0.000589482515,-0.000170705361
1.0775510204081633,1.0204081632653061,0.000588726301,-0.000170356779
1.0775510204081633,1.0122448979591836,0.00058904389,-0.000169949302
1.0775510204081633,1.0040816326530613,0.000587827583,-0.000169106861
1.0775510204081633,0.9959183673469387,0.00058705268,-0.000170116512
1.0775510204081633,0.9877551020408163,0.000587506448,-0.000170867401
1.0775510204081633,0.9795918367346939,0.00058767473,-0.000170278777
1.0775510204081633,0.9714285714285714,0.000587306063,-0.000169977883
1.0775510204081633,0.963265306122449,0.000587940762,-0.000170206556
1.0775510204081633,0.9551020408163265,0.000588377854,-0.000170465094
1.0775510204081633,0.9469387755102041,0.000586134989,-0.000170085138
1.0775510204081633,0.9387755102040816,0.000585476617,-0.000169932122
1.0775510204081633,0.9306122448979592,0.000586166612,-0.000169677886
1.0775510204081633,0.9224489795918367,0.000587824037,-0.000170836669
1.0775510204081633,0.9142857142857143,0.000586951098,-0.000170983456
1.0775510204081633,0.9061224489795918,0.000585581938,-0.000171649888
1.0775510204081633,0.8979591836734694,0.000586126171,-0.000170387286
1.0775510204081633,0.889795918367347,0.000586612522,-0.00017084762
1.0775510204081633,0.8816326530612244,0.000586035992,-0.000171133678
1.0775510204081633,0.8734693877551021,0.000586958956,-0.000171218777
1.0775510204081633,0.8653061224489795,0.00058744406,-0.000170854717
1.0775510204081633,0.8571428571428572,0.000586091575,-0.000171142702
1.0775510204081633,0.8489795918367347,0.000587351582,-0.000169708394
1.0775510204081633,0.8408163265306122,0.000587382153,-0.000169956399
1.0775510204081633,0.8326530612244898,0.000587043863,-0.000169576443
1.0775510204081633,0.8244897959183674,0.000587837167,-0.000169427087
1.0775510204081633,0.8163265306122449,0.000587085744,-0.000169613629
1.0775510204081633,0.8081632653061225,0.000587732325,-0.00017021558
1.0775510204081633,0.8,0.000586430151,-0.000170124027
1.0693877551020408,1.2,0.000585536225,-0.000169681322
1.0693877551020408,1.1918367346938774,0.000585232818,-0.000168819742
1.0693877551020408,1.183673469387755,0.000585213558,-0.000168439786
1.0693877551020408,1.1755102040816325,0.000585928085,-0.000168234972
1.0693877551020408,1.1673469387755102,0.000585105937,-0.000169172627
1.0693877551020408,1.1591836734693877,0.000584764582,-0.000169218837
1.0693877551020408,1.1510204081632653,0.000586236857,-0.000168899253
1.0693877551020408,1.1428571428571428,0.000586090522,-0.000169702806
1.0693877551020408,1.1346938775510205,0.000585072588,-0.000169030786
1.0693877551020408,1.126530612244898,0.000585288595,-0.000169098479
1.0693877551020408,1.1183673469387754,0.000586420281,-0.000169084286
1.0693877551020408,1.110204081632653,0.000585707,-0.000169248702
1.0693877551020408,1.1020408163265305,0.000584658781,-0.000169088813
1.0693877551020408,1.0938775510204082,0.000585271726,-0.000169030144
1.0693877551020408,1.0857142857142856,0.000584849009,-0.000169016817
1.0693877551020408,1.0775510204081633,0.000585607237,-0.000169034671
1.0693877551020408,1.0693877551020408,0.000585370243,-0.000168770096
1.0693877551020408,1.0612244897959184,0.000586931931,-0.000168460627
1.0693877551020408,1.0530612244897959,0.000586258804,-0.000166975388
1.0693877551020408,1.0448979591836736,0.000585801777,-0.000168893472
1.0693877551020408,1.036734693877551,0.000583968213,-0.00016798504
1.0693877551020408,1.0285714285714285,0.000584514745,-0.000168969965
1.0693877551020408,1.0204081632653061,0.000584049095,-0.000169607817
1.0693877551020408,1.0122448979591836,0.000583876787,-0.000168914089
1.0693877551020408,1.0040816326530613,0.000585105171,-0.000168976419
1.0693877551020408,0.9959183673469387,0.000583853022,-0.000168364353
1.0693877551020408,0.9877551020408163,0.00058341315,-0.000168371868
1.0693877551020408,0.9795918367346939,0.000583358813,-0.000168549386
1.0693877551020408,0.9714285714285714,0.000583849956,-0.000168712069
1.0693877551020408,0.963265306122449,0.000584640573,-0.000167580581
1.0693877551020408,0.9551020408163265,0.000585158261,-0.000166829468
1.0693877551020408,0.9469387755102041,0.000583968213,-0.000167369538
1.0693877551020408,0.9387755102040816,0.000584478616,-0.000167337297
1.0693877551020408,0.9306122448979592,0.000584957876,-0.000167792043
1.0693877551020408,0.9224489795918367,0.000585138041,-0.000168015771
1.0693877551020408,0.9142857142857143,0.000584285802,-0.000168850056
1.0693877551020408,0.9061224489795918,0.000584580678,-0.000168799543
1.0693877551020408,0.8979591836734694,0.000584829269,-0.000167973222
1.0693877551020408,0.889795918367347,0.000584232805,-0.000167880384
1.0693877551020408,0.8816326530612244,0.000586124158,-0.00016776539
1.0693877551020408,0.8734693877551021,0.000584800997,-0.000168455264
1.0693877551020408,0.8653061224489795,0.00058396524,-0.000166899956
1.0693877551020408,0.8571428571428572,0.000585735558,-0.000167844065
1.0693877551020408,0.8489795918367347,0.000585408385,-0.000167966768
1.0693877551020408,0.8408163265306122,0.000584438175,-0.000168872824
1.0693877551020408,0.8326530612244898,0.000584658208,-0.00016848879
1.0693877551020408,0.8244897959183674,0.000585528654,-0.000168102379
1.0693877551020408,0.8163265306122449,0.000584577899,-0.000168565507
1.0693877551020408,0.8081632653061225,0.000583883592,-0.000169221631
1.0693877551020408,0.8,0.000584745128,-0.000169299857
1.0612244897959184,1.2,0.000584350009,-0.000166974103
1.0612244897959184,1.1918367346938774,0.000584492032,-0.000168878636
1.0612244897959184,1.183673469387755,0.000584942254,-0.000167750361
1.0612244897959184,1.1755102040816325,0.000584574354,-0.000167946344
1.0612244897959184,1.1673469387755102,0.000586287648,-0.00016657716
1.0612244897959184,1.1591836734693877,0.00058547815,-0.000166995169
1.0612244897959184,1.1510204081632653,0.000586830349,-0.000167994706
1.0612244897959184,1.1428571428571428,0.000586149457,-0.000167641403
1.0612244897959184,1.1346938775510205,0.000585352515,-0.000167463884
1.0612244897959184,1.126530612244898,0.000586227753,-0.000168267855
1.0612244897959184,1.1183673469387754,0.000586194404,-0.000166904901
1.0612244897959184,1.110204081632653,0.000585724441,-0.00016829043
1.0612244897959184,1.1020408163265305,0.000587001409,-0.000168045861
1.0612244897959184,1.0938775510204082,0.000586298478,-0.000166957116
1.0612244897959184,1.0857142857142856,0.000586418268,-0.000165913103
1.0612244897959184,1.0775510204081633,0.000586612042,-0.000166462196
1.0612244897959184,1.0693877551020408,0.000586453631,-0.000165948556
1.0612244897959184,1.0612244897959184,0.000586099626,-0.000167519536
1.0612244897959184,1.0530612244897959,0.000584917435,-0.000166432749
1.0612244897959184,1.0448979591836736,0.000584659261,-0.000166640133
1.0612244897959184,1.036734693877551,0.000586005422,-0.000167497186
1.0612244897959184,1.0285714285714285,0.000585481409,-0.000167562085
1.0612244897959184,1.0204081632653061,0.000584369177,-0.000168045636
1.0612244897959184,1.0122448979591836,0.00058502055,-0.000166806476
1.0612244897959184,1.0040816326530613,0.000584862619,-0.000166517848
1.0612244897959184,0.9959183673469387,0.000585849023,-0.000166536762
1.0612244897959184,0.9877551020408163,0.000585748207,-0.000167060069
1.0612244897959184,0.9795918367346939,0.000585840399,-0.000167256277
1.0612244897959184,0.9714285714285714,0.000585595354,-0.000166117693
1.0612244897959184,0.963265306122449,0.000585897515,-0.000167711665
1.0612244897959184,0.9551020408163265,0.000585907865,-0.000167099824
1.0612244897959184,0.9469387755102041,0.000585781557,-0.00016668053
1.0612244897959184,0.9387755102040816,0.000585851516,-0.000165459642
1.0612244897959184,0.9306122448979592,0.000585102392,-0.00016591503
1.0612244897959184,0.9224489795918367,0.000585446046,-0.000165159196
1.0612244897959184,0.9142857142857143,0.000584883606,-0.000166112105
1.0612244897959184,0.9061224489795918,0.000584326723,-0.00016582155
1.0612244897959184,0.8979591836734694,0.000584479096,-0.000166408247
1.0612244897959184,0.889795918367347,0.000583863372,-0.000165707647
1.0612244897959184,0.8816326530612244,0.000583959396,-0.000165834653
1.0612244897959184,0.8734693877551021,0.000584224947,-0.000165801994
1.0612244897959184,0.8653061224489795,0.000584675169,-0.000167280136
1.0612244897959184,0.8571428571428572,0.000583073327,-0.000166599092
1.0612244897959184,0.8489795918367347,0.000583697869,-0.000165377112
1.0612244897959184,0.8408163265306122,0.000583868164,-0.000166366341
1.0612244897959184,0.8326530612244898,0.000584159014,-0.000166451439
1.0612244897959184,0.8244897959183674,0.000584417475,-0.000166615631
1.0612244897959184,0.8163265306122449,0.000584589016,-0.000166433167
1.0612244897959184,0.8081632653061225,0.000584078899,-0.00016551982
1.0612244897959184,0.8,0.000584397735,-0.000164776222
1.0530612244897959,1.2,0.000586815973,-0.000165878711
1.0530612244897959,1.1918367346938774,0.00058689149,-0.000167152264
1.0530612244897959,1.183673469387755,0.000587497344,-0.000166139819
1.0530612244897959,1.1755102040816325,0.000586646638,-0.00016611339
1.0530612244897959,1.1673469387755102,0.000587169885,-0.000165741173
1.0530612244897959,1.1591836734693877,0.000586086017,-0.0001656782
1.0530612244897959,1.1510204081632653,0.000587486994,-0.000165395384
1.0530612244897959,1.1428571428571428,0.000587368257,-0.000165145227
1.0530612244897959,1.1346938775510205,0.000586188079,-0.000165694738
1.0530612244897959,1.126530612244898,0.000585941501,-0.000165385494
1.0530612244897959,1.1183673469387754,0.000585857074,-0.00016787393
1.0530612244897959,1.110204081632653,0.000586623925,-0.000167602065
1.0530612244897959,1.1020408163265305,0.000586377061,-0.000166901465
1.0530612244897959,1.0938775510204082,0.000586144379,-0.000168015129
1.0530612244897959,1.0857142857142856,0.000586875295,-0.000166798737
1.0530612244897959,1.0775510204081633,0.000587979383,-0.000167078116
1.0530612244897959,1.0693877551020408,0.000586799298,-0.000166172284
1.0530612244897959,1.0612244897959184,0.000586375048,-0.00016679164
1.0530612244897959,1.0530612244897959,0.000587114782,-0.000166506673
1.0530612244897959,1.0448979591836736,0.00058669513,-0.000166456609
1.0530612244897959,1.036734693877551,0.000586906918,-0.000166654968
1.0530612244897959,1.0285714285714285,0.000586746974,-0.000166839359
1.0530612244897959,1.0204081632653061,0.000587425373,-0.000167728235
1.0530612244897959,1.0122448979591836,0.000587058239,-0.00016757843
1.0530612244897959,1.0040816326530613,0.000586143613,-0.000166559337
1.0530612244897959,0.9959183673469387,0.000587338933,-0.000166551373
1.0530612244897959,0.9877551020408163,0.000587001889,-0.000167452067
1.0530612244897959,0.9795918367346939,0.000586379074,-0.000166774235
1.0530612244897959,0.9714285714285714,0.000587213871,-0.000166039884
1.0530612244897959,0.963265306122449,0.000587215884,-0.000166823881
1.0530612244897959,0.9551020408163265,0.000587481436,-0.000166536762
1.0530612244897959,0.9469387755102041,0.000587602952,-0.000166590069
1.0530612244897959,0.9387755102040816,0.000587123692,-0.000167297541
1.0530612244897959,0.9306122448979592,0.000587579472,-0.000166277581
1.0530612244897959,0.9224489795918367,0.000587461982,-0.000166892441
1.0530612244897959,0.9142857142857143,0.00058742336,-0.000165997559
1.0530612244897959,0.9061224489795918,0.000587174963,-0.000166377516
1.0530612244897959,0.8979591836734694,0.000587927632,-0.000166992375
1.0530612244897959,0.889795918367347,0.000587810142,-0.000167029979
1.0530612244897959,0.8816326530612244,0.00058797967,-0.00016661091
1.0530612244897959,0.8734693877551021,0.000588895062,-0.000167141731
1.0530612244897959,0.8653061224489795,0.000587678275,-0.000167224036
1.0530612244897959,0.8571428571428572,0.000586790194,-0.000166049775
1.0530612244897959,0.8489795918367347,0.000585727507,-0.000166305519
1.0530612244897959,0.8408163265306122,0.000586208586,-0.0001669698
1.0530612244897959,0.8326530612244898,0.000587561551,-0.000167537808
1.0530612244897959,0.8244897959183674,0.000586272986,-0.000167570691
1.0530612244897959,0.8163265306122449,0.000586177442,-0.000166260819
1.0530612244897959,0.8081632653061225,0.000586835907,-0.000167092727
1.0530612244897959,0.8,0.000587384932,-0.000167065432
1.0448979591836736,1.2,0.000584634729,-0.000165873541
1.0448979591836736,1.1918367346938774,0.000584701235,-0.000166840001
1.0448979591836736,1.183673469387755,0.000585370243,-0.000167883821
1.0448979591836736,1.1755102040816325,0.000586816453,-0.000167416165
1.0448979591836736,1.1673469387755102,0.000587777558,-0.000166717074
1.0448979591836736,1.1591836734693877,0.00058654285,-0.000166555452
1.0448979591836736,1.1510204081632653,0.000586002642,-0.000167252841
1.0448979591836736,1.1428571428571428,0.000587300791,-0.000168019432
1.0448979591836736,1.1346938775510205,0.000587327336,-0.000167571333
1.0448979591836736,1.126530612244898,0.00058735666,-0.000167179335
1.0448979591836736,1.1183673469387754,0.000588072434,-0.000167797855
1.0448979591836736,1.110204081632653,0.00058747693,-0.000167309359
1.0448979591836736,1.1020408163265305,0.000586295506,-0.000167377919
1.0448979591836736,1.0938775510204082,0.000587768741,-0.000168460852
1.0448979591836736,1.0857142857142856,0.00058751076,-0.000167530936
1.0448979591836736,1.0775510204081633,0.000586882866,-0.000168510273
1.0448979591836736,1.0693877551020408,0.000586872516,-0.000168120009
1.0448979591836736,1.0612244897959184,0.000586011746,-0.000167453127
1.0448979591836736,1.0530612244897959,0.000585233298,-0.000168157613
1.0448979591836736,1.0448979591836736,0.000587245208,-0.000167753154
1.0448979591836736,1.036734693877551,0.000587567109,-0.000168530697
1.0448979591836736,1.0285714285714285,0.000585717923,-0.000167621622
1.0448979591836736,1.0204081632653061,0.000586306336,-0.000167760027
1.0448979591836736,1.0122448979591836,0.000586445293,-0.000167875439
1.0448979591836736,1.0040816326530613,0.000587548135,-0.000167742846
1.0448979591836736,0.9959183673469387,0.000586525409,-0.000167047384
1.0448979591836736,0.9877551020408163,0.000587227,-0.000167812049
1.0448979591836736,0.9795918367346939,0.000586419801,-0.000167447764
1.0448979591836736,0.9714285714285714,0.0005866636,-0.000167175257
1.0448979591836736,0.963265306122449,0.000586962695,-0.00016777679
1.0448979591836736,0.9551020408163265,0.000585786349,-0.000167890275
1.0448979591836736,0.9469387755102041,0.000586399774,-0.000168031025
1.0448979591836736,0.9387755102040816,0.000586628717,-0.000166368492
1.0448979591836736,0.9306122448979592,0.000586279311,-0.000168221003
1.0448979591836736,0.9224489795918367,0.000585874995,-0.000166322282
1.0448979591836736,0.9142857142857143,0.000586667912,-0.000167064147
1.0448979591836736,0.9061224489795918,0.000587080472,-0.000168656417
1.0448979591836736,0.8979591836734694,0.000586546109,-0.000167695545
1.0448979591836736,0.889795918367347,0.000585620366,-0.000167842556
1.0448979591836736,0.8816326530612244,0.000585635028,-0.000167171821
1.0448979591836736,0.8734693877551021,0.000586310361,-0.00016778774
1.0448979591836736,0.8653061224489795,0.000587133276,-0.000167950005
1.0448979591836736,0.8571428571428572,0.000586461202,-0.000166682682
1.0448979591836736,0.8489795918367347,0.000587148418,-0.000166343348
1.0448979591836736,0.8408163265306122,0.000587394322,-0.000167708454
1.0448979591836736,0.8326530612244898,0.000587484981,-0.000166948959
1.0448979591836736,0.8244897959183674,0.000586744675,-0.000167451842
1.0448979591836736,0.8163265306122449,0.00058623887,-0.00016705599
1.0448979591836736,0.8081632653061225,0.000586550615,-0.000166761775
1.0448979591836736,0.8,0.000585687832,-0.000166381819
1.036734693877551,1.2,0.000587212625,-0.000165711083
1.036734693877551,1.1918367346938774,0.000585950605,-0.00016616066
1.036734693877551,1.183673469387755,0.000586551381,-0.000167284215
1.036734693877551,1.1755102040816325,0.00058653298,-0.000167250689
1.036734693877551,1.1673469387755102,0.000585733065,-0.000166191841
1.036734693877551,1.1591836734693877,0.000586189132,-0.000167523421
1.036734693877551,1.1510204081632653,0.000585576953,-0.000166855255
1.036734693877551,1.1428571428571428,0.000586294933,-0.000166700729
1.036734693877551,1.1346938775510205,0.000585450838,-0.000166973237
1.036734693877551,1.126530612244898,0.00058567365,-0.000167597344
1.036734693877551,1.1183673469387754,0.000585809348,-0.000167970846
1.036734693877551,1.110204081632653,0.000585610496,-0.000167570691
1.036734693877551,1.1020408163265305,0.00058583714,-0.000167037494
1.036734693877551,1.0938775510204082,0.000586738157,-0.00016793883
1.036734693877551,1.0857142857142856,0.000585986734,-0.000166747806
1.036734693877551,1.0775510204081633,0.000585645859,-0.000167081134
1.036734693877551,1.0693877551020408,0.00058678205,-0.0001669698
1.036734693877551,1.0612244897959184,0.0005861853,-0.00016805466
1.036734693877551,1.0530612244897959,0.00058788949,-0.0001668488
1.036734693877551,1.0448979591836736,0.000587000643,-0.000165836162
1.036734693877551,1.036734693877551,0.000587769221,-0.000167377919
1.036734693877551,1.0285714285714285,0.00058733692,-0.000167405215
1.036734693877551,1.0204081632653061,0.000586379074,-0.000167640118
1.036734693877551,1.0122448979591836,0.000587361452,-0.000167238229
1.036734693877551,1.0040816326530613,0.000587236104,-0.000167181069
1.036734693877551,0.9959183673469387,0.000587573148,-0.000166894368
1.036734693877551,0.9877551020408163,0.000587806116,-0.000167052554
1.036734693877551,0.9795918367346939,0.000587721975,-0.000166863861
1.036734693877551,0.9714285714285714,0.000587681054,-0.000167182996
1.036734693877551,0.963265306122449,0.000587168638,-0.000167738319
1.036734693877551,0.9551020408163265,0.00058760803,-0.000167878651
1.036734693877551,0.9469387755102041,0.000586300778,-0.000167997724
1.036734693877551,0.9387755102040816,0.000586715637,-0.000167695127
1.036734693877551,0.9306122448979592,0.00058586723,-0.000167199116
1.036734693877551,0.9224489795918367,0.000586035706,-0.000167935394
1.036734693877551,0.9142857142857143,0.000586547355,-0.000168212204
1.036734693877551,0.9061224489795918,0.000584774739,-0.000167588321
1.036734693877551,0.8979591836734694,0.000584866931,-0.000166985279
1.036734693877551,0.889795918367347,0.000585078432,-0.00016738887
1.036734693877551,0.8816326530612244,0.000585616341,-0.000167756591
1.036734693877551,0.8734693877551021,0.000586058225,-0.000167157209
1.036734693877551,0.8653061224489795,0.00058535788,-0.000167354284
1.036734693877551,0.8571428571428572,0.000585031187,-0.000168072932
1.036734693877551,0.8489795918367347,0.000586140833,-0.000168684131
1.036734693877551,0.8408163265306122,0.000586895802,-0.000167216521
1.036734693877551,0.8326530612244898,0.000587261117,-0.000168552405
1.036734693877551,0.8244897959183674,0.000586529434,-0.000167163439
1.036734693877551,0.8163265306122449,0.000585862152,-0.000167658808
1.036734693877551,0.8081632653061225,0.000584923566,-0.000169401943
1.036734693877551,0.8,0.000586832075,-0.000168688434
1.0285714285714285,1.2,0.000586987514,-0.000171009467
1.0285714285714285,1.1918367346938774,0.00058802011,-0.000170719105
1.0285714285714285,1.183673469387755,0.000588471865,-0.000170844408
1.0285714285714285,1.1755102040816325,0.000587295519,-0.000170193229
1.0285714285714285,1.1673469387755102,0.000587325517,-0.000169529815
1.0285714285714285,1.1591836734693877,0.000587827103,-0.000169524228
1.0285714285714285,1.1510204081632653,0.000588591082,-0.000169561832
1.0285714285714285,1.1428571428571428,0.000587776792,-0.000169421051
1.0285714285714285,1.1346938775510205,0.00058740084,-0.000169701521
1.0285714285714285,1.126530612244898,0.000587896009,-0.000167622906
1.0285714285714285,1.1183673469387754,0.000588450878,-0.000169548923
1.0285714285714285,1.110204081632653,0.000587650004,-0.000167934109
1.0285714285714285,1.1020408163265305,0.000588358687,-0.000169686043
1.0285714285714285,1.0938775510204082,0.00058815025,-0.000169362605
1.0285714285714285,1.0857142857142856,0.000588148718,-0.000169353582
1.0285714285714285,1.0775510204081633,0.00058849937,-0.000170100616
1.0285714285714285,1.0693877551020408,0.000588540291,-0.000167817187
1.0285714285714285,1.0612244897959184,0.000588406412,-0.0001693566
1.0285714285714285,1.0530612244897959,0.00058976091,-0.000169552583
1.0285714285714285,1.0448979591836736,0.000589612849,-0.000169501653
1.0285714285714285,1.036734693877551,0.000588669185,-0.000169893427
1.0285714285714285,1.0285714285714285,0.000588009474,-0.000170381923
1.0285714285714285,1.0204081632653061,0.000589997424,-0.000169597509
1.0285714285714285,1.0122448979591836,0.000589559279,-0.000170834518
1.0285714285714285,1.0040816326530613,0.000588625965,-0.000169396131
1.0285714285714285,0.9959183673469387,0.000587867257,-0.000170094804
1.0285714285714285,0.9877551020408163,0.000588178808,-0.000169284379
1.0285714285714285,0.9795918367346939,0.000587443774,-0.000168930434
1.0285714285714285,0.9714285714285714,0.000586142846,-0.000169561607
1.0285714285714285,0.963265306122449,0.000587302037,-0.000169862919
1.0285714285714285,0.9551020408163265,0.000587203041,-0.000169628658
1.0285714285714285,0.9469387755102041,0.000587265428,-0.000168785799
1.0285714285714285,0.9387755102040816,0.000586327803,-0.000169059591
1.0285714285714285,0.9306122448979592,0.000586372269,-0.000170006687
1.0285714285714285,0.9224489795918367,0.000587376308,-0.000170375469
1.0285714285714285,0.9142857142857143,0.000586877594,-0.000169123624
1.0285714285714285,0.9061224489795918,0.000587462462,-0.000169366041
1.0285714285714285,0.8979591836734694,0.000587248467,-0.000169622653
1.0285714285714285,0.889795918367347,0.000587473578,-0.00016875677
1.0285714285714285,0.8816326530612244,0.000587905879,-0.000168674465
1.0285714285714285,0.8734693877551021,0.000587989253,-0.00016838391
1.0285714285714285,0.8653061224489795,0.000587099446,-0.000170036135
1.0285714285714285,0.8571428571428572,0.000586554447,-0.000168853043
1.0285714285714285,0.8489795918367347,0.000586700209,-0.000168397237
1.0285714285714285,0.8408163265306122,0.000586582718,-0.000169076771
1.0285714285714285,0.8326530612244898,0.000586996331,-0.000169371629
1.0285714285714285,0.8244897959183674,0.000586811661,-0.000168499965
1.0285714285714285,0.8163265306122449,0.000586730779,-0.00017026179
1.0285714285714285,0.8081632653061225,0.000587635055,-0.000170154983
1.0285714285714285,0.8,0.00058647711,-0.000169696576
1.0204081632653061,1.2,0.000584406358,-0.000169036598
1.0204081632653061,1.1918367346938774,0.000584543783,-0.000169847441
1.0204081632653061,1.183673469387755,0.000584556912,-0.000169261804
1.0204081632653061,1.1755102040816325,0.000584413163,-0.00016978662
1.0204081632653061,1.1673469387755102,0.000583488953,-0.000169363248
1.0204081632653061,1.1591836734693877,0.000583499303,-0.000169732029
1.0204081632653061,1.1510204081632653,0.000583588716,-0.000169275355
1.0204081632653061,1.1428571428571428,0.000583949812,-0.000168496947
1.0204081632653061,1.1346938775510205,0.000581885098,-0.00016882533
1.0204081632653061,1.126530612244898,0.000583490199,-0.000168220361
1.0204081632653061,1.1183673469387754,0.000584259544,-0.000169407306
1.0204081632653061,1.110204081632653,0.000584033953,-0.000169051627
1.0204081632653061,1.1020408163265305,0.00058367439,-0.000167965901
1.0204081632653061,1.0938775510204082,0.000584113495,-0.000170272323
1.0204081632653061,1.0857142857142856,0.000583916176,-0.000168981782
1.0204081632653061,1.0775510204081633,0.000582928811,-0.000169542693
1.0204081632653061,1.0693877551020408,0.000583654936,-0.000169716775
1.0204081632653061,1.0612244897959184,0.000582989186,-0.000169638773
1.0204081632653061,1.0530612244897959,0.000583471705,-0.000169952963
1.0204081632653061,1.0448979591836736,0.000582798192,-0.000171036538
1.0204081632653061,1.036734693877551,0.000583136961,-0.000170745983
1.0204081632653061,1.0285714285714285,0.000583716363,-0.000170116737
1.0204081632653061,1.0204081632653061,0.000583394942,-0.000169278791
1.0204081632653061,1.0122448979591836,0.000583857047,-0.000168650605
1.0204081632653061,1.0040816326530613,0.000584098833,-0.000168744952
1.0204081632653061,0.9959183673469387,0.000584062224,-0.000170154341
1.0204081632653061,0.9877551020408163,0.000584126144,-0.000169652742
1.0204081632653061,0.9795918367346939,0.000582695077,-0.000168986085
1.0204081632653061,0.9714285714285714,0.000582926032,-0.000168567016
1.0204081632653061,0.963265306122449,0.00058267361,-0.000169007793
1.0204081632653061,0.9551020408163265,0.000582256258,-0.000169730102
1.0204081632653061,0.9469387755102041,0.000583549808,-0.000168069271
1.0204081632653061,0.9387755102040816,0.0005828348,-0.000169508749
1.0204081632653061,0.9306122448979592,0.000582745101,-0.000169989925
1.0204081632653061,0.9224489795918367,0.000583710999,-0.00017001099
1.0204081632653061,0.9142857142857143,0.000583411617,-0.000170246536
1.0204081632653061,0.9061224489795918,0.000583897201,-0.000170147886
1.0204081632653061,0.8979591836734694,0.000583234998,-0.000169433093
1.0204081632653061,0.889795918367347,0.000583703427,-0.000169663693
1.0204081632653061,0.8816326530612244,0.000584842398,-0.000169326928
1.0204081632653061,0.8734693877551021,0.000582646585,-0.000168585063
1.0204081632653061,0.8653061224489795,0.000583782296,-0.000168675332
1.0204081632653061,0.8571428571428572,0.000583659727,-0.00016983283
1.0204081632653061,0.8489795918367347,0.000582441408,-0.000169222691
1.0204081632653061,0.8408163265306122,0.000582698622,-0.0001688077
1.0204081632653061,0.8326530612244898,0.000582153623,-0.000169669281
1.0204081632653061,0.8244897959183674,0.000581934356,-0.00016937529
1.0204081632653061,0.8163265306122449,0.000581884812,-0.000169003072
1.0204081632653061,0.8081632653061225,0.000581486627,-0.00016925795
1.0204081632653061,0.8,0.000582016964,-0.000168002669
1.0122448979591836,1.2,0.0005845986,-0.000168866819
1.0122448979591836,1.1918367346938774,0.000584483122,-0.000168696173
1.0122448979591836,1.183673469387755,0.000585107664,-0.000169060651
1.0122448979591836,1.1755102040816325,0.000583640753,-0.000169966932
1.0122448979591836,1.1673469387755102,0.000584580678,-0.000170471324
1.0122448979591836,1.1591836734693877,0.000584417955,-0.000169512828
1.0122448979591836,1.1510204081632653,0.000583664519,-0.000170077817
1.0122448979591836,1.1428571428571428,0.000585093574,-0.000169720629
1.0122448979591836,1.1346938775510205,0.000584737077,-0.000169964781
1.0122448979591836,1.126530612244898,0.000585664833,-0.000169852162
1.0122448979591836,1.1183673469387754,0.000585581172,-0.000169245908
1.0122448979591836,1.110204081632653,0.000585128457,-0.000170503983
1.0122448979591836,1.1020408163265305,0.000584544549,-0.000169132872
1.0122448979591836,1.0938775510204082,0.000584718869,-0.000168538436
1.0122448979591836,1.0857142857142856,0.000585415956,-0.000169476509
1.0122448979591836,1.0775510204081633,0.00058521787,-0.000169215401
1.0122448979591836,1.0693877551020408,0.000583963707,-0.000169617065
1.0122448979591836,1.0612244897959184,0.000584854568,-0.000168317501
1.0122448979591836,1.0530612244897959,0.00058643341,-0.000169326286
1.0122448979591836,1.0448979591836736,0.000584569562,-0.000169542275
1.0122448979591836,1.036734693877551,0.000585555199,-0.000169934691
1.0122448979591836,1.0285714285714285,0.000585709013,-0.000168958147
1.0122448979591836,1.0204081632653061,0.000585066549,-0.000167690824
1.0122448979591836,1.0122448979591836,0.000584497018,-0.000169253647
1.0122448979591836,1.0040816326530613,0.000583732752,-0.000170617244
1.0122448979591836,0.9959183673469387,0.000584597833,-0.00017006343
1.0122448979591836,0.9877551020408163,0.000585457643,-0.00016853972
1.0122448979591836,0.9795918367346939,0.000585251506,-0.000169516264
1.0122448979591836,0.9714285714285714,0.000585110249,-0.000169733762
1.0122448979591836,0.963265306122449,0.000586394216,-0.000170120591
1.0122448979591836,0.9551020408163265,0.000586319465,-0.000168889169
1.0122448979591836,0.9469387755102041,0.000585434163,-0.000169504671
1.0122448979591836,0.9387755102040816,0.000585322997,-0.000170326689
1.0122448979591836,0.9306122448979592,0.000585694157,-0.000169320056
1.0122448979591836,0.9224489795918367,0.00058606455,-0.000170356779
1.0122448979591836,0.9142857142857143,0.000584994771,-0.000171184609
1.0122448979591836,0.9061224489795918,0.00058500081,-0.000170758443
1.0122448979591836,0.8979591836734694,0.000585865698,-0.000171980423
1.0122448979591836,0.889795918367347,0.000584997837,-0.000170080193
1.0122448979591836,0.8816326530612244,0.000586258324,-0.000170803786
1.0122448979591836,0.8734693877551021,0.000586564797,-0.000170876843
1.0122448979591836,0.8653061224489795,0.000585856114,-0.000170499905
1.0122448979591836,0.8571428571428572,0.00058421757,-0.000171113255
1.0122448979591836,0.8489795918367347,0.000585645859,-0.000170757576
1.0122448979591836,0.8408163265306122,0.000585603691,-0.000171038047
1.0122448979591836,0.8326530612244898,0.000585226207,-0.000171726605
1.0122448979591836,0.8244897959183674,0.000585166312,-0.000170507868
1.0122448979591836,0.8163265306122449,0.000583985654,-0.000171264987
1.0122448979591836,0.8081632653061225,0.000584501043,-0.00017081024
1.0122448979591836,0.8,0.000584439708,-0.000170803144
1.0040816326530613,1.2,0.000584116561,-0.000171165919
1.0040816326530613,1.1918367346938774,0.000583406059,-0.000170646691
1.0040816326530613,1.183673469387755,0.000583639027,-0.000170745116
1.0040816326530613,1.1755102040816325,0.000583998784,-0.000170810883
1.0040816326530613,1.1673469387755102,0.000583483875,-0.000170246087
1.0040816326530613,1.1591836734693877,0.00058244342,-0.000171360618
1.0040816326530613,1.1510204081632653,0.000583240076,-0.000170855584
1.0040816326530613,1.1428571428571428,0.000582172597,-0.000170349906
1.0040816326530613,1.1346938775510205,0.00058292402,-0.000171305385
1.0040816326530613,1.126530612244898,0.000583699402,-0.000171038689
1.0040816326530613,1.1183673469387754,0.000582799438,-0.000170132633
1.0040816326530613,1.110204081632653,0.000581781697,-0.000170584361
1.0040816326530613,1.1020408163265305,0.000584204727,-0.000170326271
1.0040816326530613,1.0938775510204082,0.0005845319,-0.000169268901
1.0040816326530613,1.0857142857142856,0.000584712831,-0.000170361082
1.0040816326530613,1.0775510204081633,0.00058374866,-0.000169359169
1.0040816326530613,1.0693877551020408,0.000584639807,-0.000169274713
1.0040816326530613,1.0612244897959184,0.000584512446,-0.000169785978
1.0040816326530613,1.0530612244897959,0.000584144832,-0.000168476105
1.0040816326530613,1.0448979591836736,0.000585044316,-0.000170679574
1.0040816326530613,1.036734693877551,0.000584459929,-0.000169297063
1.0040816326530613,1.0285714285714285,0.000584750493,-0.000169328213
1.0040816326530613,1.0204081632653061,0.000585193337,-0.000170596178
1.0040816326530613,1.0122448979591836,0.000584461941,-0.000170328841
1.0040816326530613,1.0040816326530613,0.000585265402,-0.000169888063
1.0040816326530613,0.9959183673469387,0.000584641533,-0.000168898193
1.0040816326530613,0.9877551020408163,0.000584930371,-0.000169358527
1.0040816326530613,0.9795918367346939,0.000584806269,-0.000169897087
1.0040816326530613,0.9714285714285714,0.000584085224,-0.000169689479
1.0040816326530613,0.963265306122449,0.000585288881,-0.000170297467
1.0040816326530613,0.9551020408163265,0.000586032447,-0.000169421275
1.0040816326530613,0.9469387755102041,0.000585463201,-0.00016860828
1.0040816326530613,0.9387755102040816,0.000585329036,-0.000171792372
1.0040816326530613,0.9306122448979592,0.000584493758,-0.000170934677
1.0040816326530613,0.9224489795918367,0.000585141586,-0.000169445552
1.0040816326530613,0.9142857142857143,0.000584636261,-0.000169668414
1.0040816326530613,0.9061224489795918,0.000584298165,-0.000171342571
1.0040816326530613,0.8979591836734694,0.000584073054,-0.000170881146
1.0040816326530613,0.889795918367347,0.000584849776,-0.000170295958
1.0040816326530613,0.8816326530612244,0.000583884072,-0.000169796286
1.0040816326530613,0.8734693877551021,0.000585099899,-0.000170230416
1.0040816326530613,0.8653061224489795,0.000583702947,-0.000170090726
1.0040816326530613,0.8571428571428572,0.000585084471,-0.000170708797
1.0040816326530613,0.8489795918367347,0.00058480301,-0.000168387571
1.0040816326530613,0.8408163265306122,0.000584031367,-0.000170100392
1.0040816326530613,0.8326530612244898,0.000584586717,-0.000170490657
1.0040816326530613,0.8244897959183674,0.000584660987,-0.000169936843
1.0040816326530613,0.8163265306122449,0.000584426292,-0.000169076129
1.0040816326530613,0.8081632653061225,0.00058492328,-0.000169168324
1.0040816326530613,0.8,0.000585179728,-0.000169839284
0.9959183673469387,1.2,0.000586070875,-0.000171056094
0.9959183673469387,1.1918367346938774,0.000585470772,-0.000169608459
0.9959183673469387,1.183673469387755,0.000585855348,-0.000169401718
0.9959183673469387,1.1755102040816325,0.000584965254,-0.000170172388
0.9959183673469387,1.1673469387755102,0.000585880646,-0.000170373542
0.9959183673469387,1.1591836734693877,0.000587526668,-0.000170197532
0.9959183673469387,1.1510204081632653,0.000587132989,-0.000170510855
0.9959183673469387,1.1428571428571428,0.000587047122,-0.00016978039
0.9959183673469387,1.1346938775510205,0.00058615195,-0.000169350145
0.9959183673469387,1.126530612244898,0.00058672848,-0.000169314244
0.9959183673469387,1.1183673469387754,0.000585964501,-0.000170065582
0.9959183673469387,1.110204081632653,0.000586411944,-0.000169366908
0.9959183673469387,1.1020408163265305,0.000587659301,-0.000170020656
0.9959183673469387,1.0938775510204082,0.000586738637,-0.000170049461
0.9959183673469387,1.0857142857142856,0.000587258624,-0.000171255963
0.9959183673469387,1.0775510204081633,0.000587494085,-0.000170373542
0.9959183673469387,1.0693877551020408,0.000587157522,-0.000170559441
0.9959183673469387,1.0612244897959184,0.00058718282,-0.000169707751
0.9959183673469387,1.0530612244897959,0.00058770434,-0.000170308417
0.9959183673469387,1.0448979591836736,0.000587208313,-0.000170212786
0.9959183673469387,1.036734693877551,0.000586319465,-0.000170705361
0.9959183673469387,1.0285714285714285,0.000587366244,-0.000170346246
0.9959183673469387,1.0204081632653061,0.000586022096,-0.00017128647
0.9959183673469387,1.0122448979591836,0.000585764402,-0.000172008779
0.9959183673469387,1.0040816326530613,0.000585056679,-0.000170273607
0.9959183673469387,0.9959183673469387,0.000584894436,-0.000169948018
0.9959183673469387,0.9877551020408163,0.000585539964,-0.000169889348
0.9959183673469387,0.9795918367346939,0.000586621146,-0.000171342571
0.9959183673469387,0.9714285714285714,0.000585290894,-0.000170453052
0.9959183673469387,0.963265306122449,0.000585044316,-0.000170278777
0.9959183673469387,0.9551020408163265,0.000586209546,-0.000171397804
0.9959183673469387,0.9469387755102041,0.000585171391,-0.000170606069
0.9959183673469387,0.9387755102040816,0.000586885452,-0.000171325808
0.9959183673469387,0.9306122448979592,0.000586296466,-0.000171181173
0.9959183673469387,0.9224489795918367,0.000586182521,-0.000170168085
0.9959183673469387,0.9142857142857143,0.000586080172,-0.000170657866
0.9959183673469387,0.9061224489795918,0.000585536225,-0.000171710067
0.9959183673469387,0.8979591836734694,0.000585969773,-0.000171539197
0.9959183673469387,0.889795918367347,0.000586074134,-0.000172035432
0.9959183673469387,0.8816326530612244,0.000584872969,-0.00017144379
0.9959183673469387,0.8734693877551021,0.000586111029,-0.000170952724
0.9959183673469387,0.8653061224489795,0.00058590058,-0.000172015233
0.9959183673469387,0.8571428571428572,0.000586689858,-0.00017186758
0.9959183673469387,0.8489795918367347,0.000587197963,-0.000170695695
0.9959183673469387,0.8408163265306122,0.000587517565,-0.000170980662
0.9959183673469387,0.8326530612244898,0.00058565295,-0.000171214923
0.9959183673469387,0.8244897959183674,0.000585090795,-0.000171405961
0.9959183673469387,0.8163265306122449,0.000586751766,-0.000171665366
0.9959183673469387,0.8081632653061225,0.000585145132,-0.000169917286
0.9959183673469387,0.8,0.000587030447,-0.000170974432
0.9877551020408163,1.2,0.00058811029,-0.000169654669
0.9877551020408163,1.1918367346938774,0.000587167392,-0.000170692677
0.9877551020408163,1.183673469387755,0.000587378607,-0.000170632722
0.9877551020408163,1.1755102040816325,0.000588283363,-0.000170830439
0.9877551020408163,1.1673469387755102,0.000588108083,-0.000170252766
0.9877551020408163,1.1591836734693877,0.000588930711,-0.000170956803
0.9877551020408163,1.1510204081632653,0.00058977078,-0.000170615093
0.9877551020408163,1.1428571428571428,0.000588496591,-0.000171061458
0.9877551020408163,1.1346938775510205,0.000588172197,-0.000170532788
0.9877551020408163,1.126530612244898,0.00058753194,-0.000170972923
0.9877551020408163,1.1183673469387754,0.000587754559,-0.000170724275
0.9877551020408163,1.110204081632653,0.000587273766,-0.00017127035
0.9877551020408163,1.1020408163265305,0.000586667145,-0.000170663454
0.9877551020408163,1.0938775510204082,0.000587353595,-0.000170805295
0.9877551020408163,1.0857142857142856,0.000587807842,-0.000170721257
0.9877551020408163,1.0775510204081633,0.000586856321,-0.000170232567
0.9877551020408163,1.0693877551020408,0.000586914489,-0.000170271038
0.9877551020408163,1.0612244897959184,0.000586710559,-0.00017002968
0.9877551020408163,1.0530612244897959,0.000587931658,-0.000169036374
0.9877551020408163,1.0448979591836736,0.000586954644,-0.000170085138
0.9877551020408163,1.036734693877551,0.000586748987,-0.000170020656
0.9877551020408163,1.0285714285714285,0.000586611562,-0.000171168713
0.9877551020408163,1.0204081632653061,0.000588228067,-0.000170954009
0.9877551020408163,1.0122448979591836,0.0005881399,-0.000171538779
0.9877551020408163,1.0040816326530613,0.000586810128,-0.000170938113
0.9877551020408163,0.9959183673469387,0.000586639067,-0.000171231461
0.9877551020408163,0.9877551020408163,0.000587453164,-0.000170349682
0.9877551020408163,0.9795918367346939,0.000586339399,-0.000170618111
0.9877551020408163,0.9714285714285714,0.000586555213,-0.000171154744
0.9877551020408163,0.963265306122449,0.000586723495,-0.000171824388
0.9877551020408163,0.9551020408163265,0.000586807829,-0.00017161723
0.9877551020408163,0.9469387755102041,0.000587193651,-0.000171259175
0.9877551020408163,0.9387755102040816,0.000587756571,-0.000171219001
0.9877551020408163,0.9306122448979592,0.00058735762,-0.000171046204
0.9877551020408163,0.9224489795918367,0.000587068589,-0.0001718302
0.9877551020408163,0.9142857142857143,0.000587218949,-0.000170400613
0.9877551020408163,0.9061224489795918,0.000586616068,-0.000171859199
0.9877551020408163,0.8979591836734694,0.000586918515,-0.000172822222
0.9877551020408163,0.889795918367347,0.000587194417,-0.000172166965
0.9877551020408163,0.8816326530612244,0.000586178015,-0.00017233029
0.9877551020408163,0.8734693877551021,0.000587713351,-0.000171591861
0.9877551020408163,0.8653061224489795,0.000586227273,-0.000172065746
0.9877551020408163,0.8571428571428572,0.000586763649,-0.000172808253
0.9877551020408163,0.8489795918367347,0.000587045876,-0.000171787427
0.9877551020408163,0.8408163265306122,0.000586928865,-0.000171127224
0.9877551020408163,0.8326530612244898,0.00058753146,-0.000172501354
0.9877551020408163,0.8244897959183674,0.000587307596,-0.000170694604
0.9877551020408163,0.8163265306122449,0.000587886231,-0.000170582658
0.9877551020408163,0.8081632653061225,0.00058824091,-0.000171819443
0.9877551020408163,0.8,0.00058798858,-0.000172386166
0.9795918367346939,1.2,0.000589611602,-0.000169991434
0.9795918367346939,1.1918367346938774,0.000589367804,-0.000170223319
0.9795918367346939,1.183673469387755,0.000590119707,-0.000169677886
0.9795918367346939,1.1755102040816325,0.000589209106,-0.000170010766
0.9795918367346939,1.1673469387755102,0.000588667938,-0.000170184848
0.9795918367346939,1.1591836734693877,0.000589322571,-0.000169973162
0.9795918367346939,1.1510204081632653,0.00058901102,-0.000169852386
0.9795918367346939,1.1428571428571428,0.000589216963,-0.000169394622
0.9795918367346939,1.1346938775510205,0.000588874842,-0.000169857332
0.9795918367346939,1.126530612244898,0.000589809975,-0.000169761476
0.9795918367346939,1.1183673469387754,0.000589681081,-0.000169503804
0.9795918367346939,1.110204081632653,0.000588837466,-0.000170827646
0.9795918367346939,1.1020408163265305,0.000589403933,-0.000170494317
0.9795918367346939,1.0938775510204082,0.000588865738,-0.000170938755
0.9795918367346939,1.0857142857142856,0.000588684613,-0.000171043635
0.9795918367346939,1.0775510204081633,0.000588682314,-0.000169778463
0.9795918367346939,1.0693877551020408,0.00058867273,-0.000170883521
0.9795918367346939,1.0612244897959184,0.000588670431,-0.000170892545
0.9795918367346939,1.0530612244897959,0.000587927632,-0.000171206959
0.9795918367346939,1.0448979591836736,0.000588249533,-0.000169902675
0.9795918367346939,1.036734693877551,0.000589130043,-0.000170298751
0.9795918367346939,1.0285714285714285,0.000588299272,-0.000169853671
0.9795918367346939,1.0204081632653061,0.000589354388,-0.000169857332
0.9795918367346939,1.0122448979591836,0.000588604784,-0.000168969547
0.9795918367346939,1.0040816326530613,0.000588861712,-0.000169952096
0.9795918367346939,0.9959183673469387,0.000588144886,-0.000169148125
0.9795918367346939,0.9877551020408163,0.000588248287,-0.000169675735
0.9795918367346939,0.9795918367346939,0.000588525435,-0.000170295091
0.9795918367346939,0.9714285714285714,0.000588269754,-0.000169866355
0.9795918367346939,0.963265306122449,0.000589544903,-0.000169836908
0.9795918367346939,0.9551020408163265,0.000589617161,-0.000170525691
0.9795918367346939,0.9469387755102041,0.000590480996,-0.000171282392
0.9795918367346939,0.9387755102040816,0.000590660394,-0.000170786157
0.9795918367346939,0.9306122448979592,0.000589641693,-0.000170380638
0.9795918367346939,0.9224489795918367,0.000588936269,-0.000169395713
0.9795918367346939,0.9142857142857143,0.000588184847,-0.000169322208
0.9795918367346939,0.9061224489795918,0.000589359466,-0.000169419766
0.9795918367346939,0.8979591836734694,0.000589452425,-0.00017086891
0.9795918367346939,0.889795918367347,0.000589227794,-0.000170140147
0.9795918367346939,0.8816326530612244,0.000588961762,-0.000170488729
0.9795918367346939,0.8734693877551021,0.000589216197,-0.000170836027
0.9795918367346939,0.8653061224489795,0.00059020586,-0.000170830215
0.9795918367346939,0.8571428571428572,0.000589829909,-0.000170445313
0.9795918367346939,0.8489795918367347,0.00058791345,-0.000170207423
0.9795918367346939,0.8408163265306122,0.000589526215,-0.000170940264
0.9795918367346939,0.8326530612244898,0.000589927179,-0.000170611014
0.9795918367346939,0.8244897959183674,0.00058964246,-0.000170819264
0.9795918367346939,0.8163265306122449,0.000589498137,-0.000170481633
0.9795918367346939,0.8081632653061225,0.000589942035,-0.000171164186
0.9795918367346939,0.8,0.000590420621,-0.000170356136
0.9714285714285714,1.2,0.000588601239,-0.00016799493
0.9714285714285714,1.1918367346938774,0.000589213898,-0.000168749897
0.9714285714285714,1.183673469387755,0.000589664406,-0.000169628016
0.9714285714285714,1.1755102040816325,0.000590366764,-0.000167648917
0.9714285714285714,1.1673469387755102,0.000590563604,-0.000168197368
