time,agilent_volt
0.0488372000399977,-0.008967614
0.0982328000245616,-0.008219509
0.148029600037262,-0.008945143
0.199185600038618,-0.009670517
0.249279299983755,-0.008464385
0.299198099994101,-0.008559406
0.349046100047417,-0.008660078
0.399636900052428,-0.008290262
0.450211300048977,-0.008247374
0.500442199991085,-0.007787161
0.551788200042211,-0.008369748
0.60267880000174,-0.00798157
0.652887500007637,-0.009575367
0.703174600028433,-0.009008063
0.753113499958999,-0.00896633
0.803313600015827,-0.008786945
0.852994099957868,-0.008816479
0.902865000069141,-0.008681522
0.953088300069794,-0.008841133
1.00323360005859,-0.008039867
1.05296420003288,-0.008615649
1.10267930000555,-0.008449233
1.15309769997839,-0.008383231
1.20307569997385,-0.008277036
1.25316399999429,-0.00884139
1.30309860000853,-0.008370262
1.35293060005642,-0.008269845
1.4029070000397,-0.008509713
1.45307839999441,-0.008029338
1.50396790006198,-0.00789207
1.55486899998505,-0.007975535
1.60552570002619,-0.008209365
1.65569459996186,-0.007897463
1.70601970003918,-0.008098934
1.75613069999963,-0.00798234
1.80651799996849,-0.008021376
1.85790249996353,-0.007845201
1.90822900005151,-0.008055918
1.95824840001296,-0.008099448
2.00802519998979,-0.007951137
2.05763269995805,-0.007871396
2.10725050000474,-0.008139254
2.1573434000602,-0.00804526
2.20874050003476,-0.008076977
2.25890120002441,-0.00806786
2.30927410000004,-0.007645784
2.35960870003328,-0.007629733
2.40991809999105,-0.007600456
2.46038439997938,-0.007235265
2.5107545000501,-0.007403992
2.5754326999886,-0.007497601
2.62606220005546,-0.007716408
2.67623129999265,-0.007159505
2.72699590004049,-0.00815248
2.77697050001007,-0.007770596
2.82731059996877,-0.007760452
2.87765739997849,-0.007446495
2.92811360000633,-0.007680069
2.97853409999516,-0.007703824
3.02880800003186,-0.008044618
3.08044339995831,-0.007501325
3.13079610001296,-0.007462546
3.18113559996709,-0.007483605
3.23156129999552,-0.008604349
3.28187489998527,-0.00774042
3.33222029998433,-0.007956017
3.38286909996532,-0.008161469
3.4345526000252,-0.007781639
3.48660980002023,-0.007421712
3.53716850001365,-0.007831718
3.58777530002408,-0.007181591
3.63808279996738,-0.006943523
3.6892490000464,-0.00710185
3.73948310001288,-0.00721793
3.7898378999671,-0.007667613
3.84032269997988,-0.007670566
3.89072090003174,-0.007978488
3.94106650003232,-0.007546268
3.99163319997024,-0.007424794
4.04314710001927,-0.007656442
4.0936742000049,-0.007385758
4.14420280000195,-0.007937911
4.19451559998561,-0.007652461
4.24488660006318,-0.007769184
4.29538400005549,-0.008116912
4.34563740005251,-0.007745557
4.39663540001493,-0.007672364
4.44742179999594,-0.007969885
4.49778079998214,-0.007636924
4.5485738000134,-0.007868443
4.59917870000936,-0.008506246
4.64957120001782,-0.008018808
4.69940549996682,-0.008029851
4.74971560004633,-0.008681008
4.79987270000856,-0.007553073
4.85018309997395,-0.007262616
4.90051149995998,-0.00759686
4.95097130001523,-0.007519045
5.00228040001821,-0.008077362
5.08010410005227,-0.007949596
5.13081500004046,-0.00741465
5.18216049997136,-0.007488356
5.23248100001365,-0.007869984
5.28279309999198,-0.007785106
5.33322510006838,-0.007685333
5.38369050004985,-0.007832103
5.43414849997498,-0.007891171
5.48472419998143,-0.008302589
5.53521350002848,-0.00857122
5.58600440004375,-0.008373344
5.63785920001101,-0.008075821
5.68980319995899,-0.008069401
5.74030609999318,-0.008979299
5.7914384000469,-0.00853732
5.84151379996911,-0.007779841
5.89201960002538,-0.008240183
5.94255110004451,-0.008257133
5.99277949996758,-0.008083269
6.04303050006274,-0.009045686
6.09299679996911,-0.007905424
6.14392090006731,-0.008137328
6.1943128000712,-0.008411096
6.24471440003254,-0.008228241
6.29515050002374,-0.008239284
6.3454461999936,-0.008380021
6.39632040006109,-0.007629861
6.44663400005084,-0.008215529
6.49687659996562,-0.008475299
6.54735800006893,-0.007984266
6.6168619999662,-0.008013287
6.66850709996652,-0.007928923
6.71863979997579,-0.007567712
6.76868380000815,-0.007535096
6.81904610001948,-0.006869432
6.86947649996728,-0.00754691
6.92030310002156,-0.008396329
6.97100889997091,-0.007747996
7.02146720001474,-0.008020349
7.07191769999918,-0.007863563
7.12231120001525,-0.007628064
7.17492939997464,-0.008440244
7.22568719997071,-0.007159377
7.27741400001105,-0.007514038
7.32772770000156,-0.00762755
7.37809690006543,-0.007498757
7.42872029996943,-0.007519687
7.47918510006275,-0.007766359
7.52958860003855,-0.007519559
7.58057049999479,-0.007758012
7.63175880000927,-0.007874863
7.682089000009,-0.00798401
7.7322637999896,-0.007968215
7.78218290000223,-0.008147473
7.83230780006852,-0.007977461
7.88333860004786,-0.008601524
7.93383049999829,-0.007532657
7.98414159996901,-0.007875762
8.03445190005004,-0.008104071
8.08493899996392,-0.007945102
8.13534919999074,-0.007833644
8.18574670003727,-0.007964748
8.23744499997702,-0.008599213
8.28774749999866,-0.00780013
8.33803480002098,-0.007851108
8.38867889996618,-0.008274596
8.43918139999732,-0.00807672
8.48941310006194,-0.008215272
8.53991250006948,-0.008559535
8.59127880004235,-0.008069658
8.64496970002074,-0.007687388
8.69525150000118,-0.007827994
8.74551529996097,-0.007828765
8.79593989998102,-0.007869213
8.84733150003012,-0.008521398
8.8976369999582,-0.008567111
8.94801719998941,-0.008678826
8.9984192000702,-0.008316585
9.04863540001679,-0.008729161
9.09919380000792,-0.008714009
9.14975920005236,-0.008607302
9.20127750001848,-0.007689956
9.25170859997161,-0.007729634
9.30198520002887,-0.007969885
9.35233440005686,-0.008520627
9.40280040004291,-0.009072523
9.45338489999995,-0.007920833
9.50366679998115,-0.007629476
9.55445699999109,-0.007695863
9.6053940000711,-0.008065548
9.65609720000066,-0.0080477
9.70660489995498,-0.008666755
9.75703730003443,-0.008221179
9.80851230002008,-0.007687902
9.85922640003264,-0.007695478
9.90945939999074,-0.007392179
9.95979200000875,-0.00815736
10.0103730000556,-0.007832874
10.0628599000629,-0.007614966
10.1207305999706,-0.007857271
10.1710715000518,-0.008782964
10.2213940999936,-0.008517289
10.2719035999617,-0.007377669
10.3224128000438,-0.007562832
10.3729081000201,-0.007513652
10.4244301000144,-0.007846228
10.4749333000509,-0.007614966
10.5251984000206,-0.00804526
10.5756631999975,-0.008009178
10.6318212000188,-0.008748808
10.6834739999613,-0.007959741
10.7337232000427,-0.007989916
10.7836211000104,-0.008080187
10.8335932999616,-0.008014314
10.8838848000159,-0.007986578
10.9343429000583,-0.008152994
10.98485420004,-0.007369065
11.0361627000384,-0.007672878
11.0864170000423,-0.007561163
11.1362063999986,-0.007628449
11.1863039999735,-0.007408615
11.236732600024,-0.008180088
11.2871800999856,-0.007775347
11.337516300031,-0.007996979
11.3882321000565,-0.007925199
11.4387286000419,-0.008379122
11.4890878000297,-0.008356265
11.5394139999989,-0.008339829
11.5898710000329,-0.00811139
11.6416253000498,-0.00826625
11.6925515000476,-0.007958328
11.7430270999903,-0.007916082
11.7932813999942,-0.00765901
11.8438395999838,-0.007853804
11.8938604999566,-0.008021376
11.9440661000554,-0.008168531
11.9950313000008,-0.008260086
12.0449705000501,-0.008860522
12.0950521000195,-0.007976048
12.1454056999646,-0.007752619
12.1957073999802,-0.007634099
12.2462116000243,-0.008332382
12.2967442000518,-0.008023302
12.3478603999829,-0.008068887
12.3987589000026,-0.007947285
12.4491227000253,-0.00776944
12.4997201999649,-0.007978103
12.5503972000442,-0.007954347
12.6013098000549,-0.007928152
12.6521012999583,-0.007951908
12.7027375999605,-0.00794369
12.7529623999726,-0.007787032
12.8032235000283,-0.008312605
12.8537578000687,-0.0080477
12.9040796000045,-0.008444995
12.9551321000326,-0.00800494
13.0050697000697,-0.007476029
13.0552287000464,-0.007909276
13.1054521000478,-0.007485146
13.1558289000532,-0.006652295
13.2064462000271,-0.00705588
13.2569518999662,-0.007062044
13.3082297999645,-0.006904231
13.3587050000206,-0.007043168
13.4091634000652,-0.008018936
13.4595348000294,-0.007064869
13.5100614000112,-0.0079243
13.5606518000131,-0.007606876
13.6111828000285,-0.008014185
13.6620492000366,-0.008175594
13.7266300000483,-0.008180987
13.7767225999851,-0.00819126
13.8282334000105,-0.008496872
13.8785805000225,-0.00859215
13.9291840000078,-0.008708102
13.9795405999757,-0.008699756
14.0297734000487,-0.008162368
14.0794365999755,-0.008459634
14.1294481999939,-0.008417002
14.1802623000694,-0.008219124
14.2297933000373,-0.00855915
14.2795850000111,-0.008276522
14.3300660999957,-0.00927438
14.3804248999804,-0.008054505
14.4307289000135,-0.008365639
14.4813052000245,-0.008024843
14.532624399988,-0.008241981
14.582939999993,-0.007885649
14.6333998000482,-0.007923915
14.6842958000489,-0.007802313
14.7350787000032,-0.008141951
14.7862078000326,-0.008420855
14.8368251000065,-0.008322621
14.8879233000334,-0.007972453
14.9383999999845,-0.008084296
14.9887036000146,-0.008763189
15.0389693999896,-0.008050653
15.0894621000625,-0.008505347
15.1529332000064,-0.008317099
15.2031795000657,-0.008306698
15.2536275000311,-0.008118838
15.3045397000387,-0.008263682
15.3551527999807,-0.008406601
15.4065216999734,-0.008564286
15.4568091999972,-0.008675102
15.5073784999549,-0.007968858
15.5577218000544,-0.00807672
15.6079399000155,-0.008201019
15.6586810000008,-0.008059
15.7095023000147,-0.008139511
15.7600616000127,-0.007695606
15.8103910000063,-0.008064521
15.8609546000371,-0.008118067
15.9112837000284,-0.007753133
15.9615775999846,-0.007934829
16.0133322000038,-0.007640134
16.0636638000142,-0.007510442
16.1136668999679,-0.007743245
16.1635622000322,-0.008733784
16.2137114000507,-0.007754674
16.2641726000002,-0.007563603
16.3147163999965,-0.008259316
16.3662649999606,-0.00792353
16.4166215000441,-0.007840707
16.466887800023,-0.008256105
16.5172571999719,-0.007619332
16.5676490999758,-0.00845591
16.6179205999943,-0.007452787
16.6681026000297,-0.007161688
16.7186685999623,-0.00712201
16.7692504000152,-0.007283417
16.8198213999858,-0.008230296
16.8703959999839,-0.008335207
16.9207324000308,-0.008160827
16.9717855000636,-0.008250969
17.0227624999825,-0.007902728
17.0732474999968,-0.008110491
17.1238429000368,-0.007877046
17.1737556000007,-0.007607518
17.2243759999983,-0.007847641
17.2753335000016,-0.007731303
17.3268989999779,-0.007886035
17.3772185000125,-0.007951394
17.4276665999787,-0.007780483
17.4780079000629,-0.007941121
17.5281915999949,-0.007966161
17.5783637999557,-0.007486301
17.6288078000071,-0.007717178
17.679655999993,-0.007658111
17.7689570999937,-0.007991971
17.8196213999763,-0.008260471
17.8699897000333,-0.007415549
17.9204434000421,-0.007872937
17.9707172999624,-0.007734257
18.0219532999909,-0.007962437
18.072403499973,-0.007583506
18.1226997000631,-0.007843018
18.1731725999853,-0.007792425
18.223663300043,-0.007957172
18.2738830000162,-0.008131165
18.3249454000033,-0.007492465
18.376424600021,-0.008000189
18.4268858999712,-0.008523581
18.4774113000603,-0.007639877
18.5279456999851,-0.00774286
18.5782102000667,-0.007666843
18.6288013999583,-0.007362388
18.6792529000668,-0.007560007
18.7298670000164,-0.007476157
18.780516800005,-0.007146921
18.8308719999623,-0.006785453
18.8812168999575,-0.007109683
18.9314279999817,-0.007605721
18.9827800999628,-0.00741709
19.0331654000329,-0.007051386
19.0835933999624,-0.007496959
19.1341347000562,-0.007829407
19.1847123999614,-0.007700357
19.2350776999956,-0.008225673
19.285544399987,-0.008141694
19.3370147000533,-0.007889887
19.3873389000073,-0.00885025
19.4449848000659,-0.00840429
19.4954994999571,-0.008439217
19.5458228000207,-0.00860024
19.5973859999795,-0.008611026
19.647718799999,-0.008351386
19.6979038000572,-0.008424322
19.7896330000367,-0.008492378
19.8405705000041,-0.008493533
19.8908690999961,-0.007867287
19.9417157999706,-0.007935857
19.9922561000567,-0.008838179
20.0426799000707,-0.008025614
20.092999799992,-0.007858684
20.1435810000403,-0.007606234
20.2026802999899,-0.00778318
20.2532522999682,-0.00765015
20.3035586000187,-0.007667998
20.3540182999568,-0.007987862
20.404631900019,-0.008387597
20.4551129000029,-0.007919035
20.5052709999727,-0.007914284
20.556643399992,-0.007961795
20.6071020000381,-0.008288849
20.6573345999932,-0.008727107
20.7078751999652,-0.008049626
20.758769200067,-0.008383103
20.8095149999717,-0.008833814
20.8601813999703,-0.00869783
20.9113353999564,-0.007945487
20.9620761000551,-0.008375655
21.0125935999677,-0.008154278
21.0630551000359,-0.007824784
21.1133612999693,-0.007817208
21.1651066000341,-0.00790337
21.2159042999847,-0.008126542
21.2662084000185,-0.007707548
21.3162823000457,-0.00766145
21.3661968000233,-0.008060541
21.4161371999653,-0.008356009
21.4663642999949,-0.007068207
21.5178178000497,-0.006771714
21.5678421000484,-0.006660256
21.6180133000016,-0.006918612
21.6683605000144,-0.0078904
21.7186660000589,-0.00805412
21.7694103000686,-0.008527946
21.8203964000568,-0.007379081
21.8717526000692,-0.00736303
21.922014700016,-0.007552945
21.9725482000504,-0.00819524
22.0228664999595,-0.008338545
22.0732177000027,-0.007896949
22.1236994999927,-0.0082719
22.1743845000165,-0.008241724
22.224915400031,-0.008019065
22.2754714000039,-0.00834137
22.3261361999903,-0.007581837
22.3764423000393,-0.008108051
22.4268178000348,-0.008109849
22.4782701999648,-0.007959227
22.5285734999925,-0.007570922
22.5789961999981,-0.007782153
22.6292705000378,-0.007651305
22.6794280000031,-0.007418887
22.7297148000216,-0.007757242
22.7806849000044,-0.007939581
22.8322091000155,-0.00803884
22.8828243999742,-0.00805656
22.9332015999826,-0.008416103
22.98409240006,-0.008022917
23.0346169000259,-0.008444995
23.0851847999729,-0.008059642
23.1355362000177,-0.008785661
23.1862134999828,-0.007911845
23.2366252000211,-0.008942575
23.2869684000034,-0.009124914
23.3371544000693,-0.00803884
23.3876088999677,-0.007914926
23.4388536000624,-0.007845458
23.4891335000284,-0.007923915
23.5395329999737,-0.008191516
23.5898781999713,-0.007911331
23.6401689000195,-0.007348006
23.6906100000488,-0.007775989
23.7411948000081,-0.007809504
23.793028300046,-0.008005325
23.8502478000009,-0.007778943
23.900845300057,-0.008231836
23.9513856000267,-0.007696505
24.0022165999981,-0.007794095
24.0535060999682,-0.008458735
24.1039623999968,-0.007553073
24.1544051000383,-0.007532271
24.2049249999691,-0.007476029
24.2555289999582,-0.007691882
24.3059874000028,-0.007990687
24.3563251000596,-0.007359692
24.4072542999638,-0.007558081
24.4577877999982,-0.008005068
24.5081296999706,-0.007489383
24.5584413000615,-0.007991714
24.6088654999621,-0.007803597
24.6595380000072,-0.007574261
24.7100362000056,-0.007594421
24.7606486000586,-0.007727708
24.8116070000688,-0.008449618
24.8620006999699,-0.007431857
24.9120812000474,-0.007793196
24.962589200004,-0.007833002
25.0139424999943,-0.006779033
25.0645589999622,-0.006777235
25.114798399969,-0.007399498
25.1652386999922,-0.008073638
25.2229275000282,-0.007866131
25.2741130000213,-0.007872937
25.3245437999722,-0.007824399
25.3748923999956,-0.008401465
25.4251564999577,-0.007849567
25.4754736999748,-0.007661321
25.5259383000666,-0.007544727
25.5764552999754,-0.007384089
25.6278593000025,-0.007599814
25.6783570999978,-0.007489512
25.7286536999745,-0.007573233
25.779052900034,-0.007765075
25.8302025999874,-0.007776503
25.8810339999618,-0.007735027
25.9313645999646,-0.00743237
25.9820368000073,-0.007497216
26.0324544999748,-0.007885778
26.0827867999906,-0.008170714
26.1332260000054,-0.008181244
26.1837479000678,-0.008164808
26.2346920999698,-0.008221179
26.28485549998,-0.008412893
26.3351343000541,-0.009328697
26.3854739000089,-0.008141181
26.4359182000626,-0.007763919
26.4863637000089,-0.007740035
26.5368111999705,-0.008028695
26.5883200999815,-0.007641675
26.6388466999633,-0.007768156
26.6894560999935,-0.007848026
26.7401826999849,-0.007316418
26.7908924999647,-0.007524952
26.8414126000134,-0.007453172
26.8920123999706,-0.008076078
26.9423704000656,-0.007706135
26.9926863999572,-0.007752491
27.0428941999562,-0.007735798
27.0931861000136,-0.007561292
27.1435437999899,-0.007731817
27.1946732000215,-0.007470507
27.2450731999706,-0.007387813
27.2954349999782,-0.007210098
27.3457915000618,-0.007056522
27.39636350004,-0.007438791
27.4470072999829,-0.006818968
27.4974583999719,-0.007125092
27.5490566999651,-0.007214849
27.5993531000568,-0.006777492
27.6497041999828,-0.007000793
27.7002724000486,-0.007357637
27.7507312999805,-0.007386144
27.8012228000443,-0.00766299
27.85218539997,-0.007353143
27.903351200046,-0.006737044
27.9534174000146,-0.006923106
28.0035776000004,-0.006977937
28.0540794000262,-0.007049588
28.1043932000175,-0.006396763
28.1553131999681,-0.006540837
28.2057648999616,-0.007331955
28.2560194999678,-0.006792131
28.3063214999856,-0.007366626
28.3569852999644,-0.006340136
28.4074192000553,-0.006391499
28.4580099000596,-0.006965609
28.5096031000139,-0.007094788
28.5599286999786,-0.00659785
28.6101824999787,-0.006619808
28.6607268999796,-0.007162587
28.7111374000087,-0.007815154
28.7615715999855,-0.00790658
28.8119881000603,-0.007053183
28.8944067000411,-0.007436736
28.9461878000293,-0.007140115
28.996488600038,-0.007146536
29.0464100000681,-0.007520073
29.0961311999708,-0.007181976
29.1464984000195,-0.007253885
29.1968361999607,-0.007125092
29.2473827999784,-0.007491566
29.2988129999721,-0.007461262
29.3492787999567,-0.007044709
29.3995985999936,-0.006972672
29.4500346999848,-0.00697203
29.5005374000175,-0.007212024
29.5510336000007,-0.006940955
29.6015509000281,-0.006864809
29.6524226999609,-0.00704458
29.7026134000625,-0.007126761
29.7529269000515,-0.006812162
29.8029819000512,-0.006823077
29.8531892000465,-0.00707681
29.9047465999611,-0.007065382
29.9554542000405,-0.006774539
30.0055704000406,-0.007185058
30.0558748999611,-0.006987439
30.106312799966,-0.007242713
30.1565405000001,-0.007150131
30.206486799987,-0.00740656
30.274819000042,-0.007515322
30.3252780999755,-0.006945835
30.3756232999731,-0.006997583
30.4264404999558,-0.00678173
30.4770763000706,-0.006712646
30.5275326999836,-0.008124231
30.5781182000646,-0.007614709
30.6284879000159,-0.007047533
30.6792498000432,-0.006995528
30.7295931000262,-0.007439818
30.7812015999807,-0.007340944
30.831532399985,-0.007018899
30.9231064000633,-0.00726634
30.9738203999586,-0.007761993
31.023967999965,-0.007258893
31.0743172999937,-0.007033409
31.1250499000307,-0.007757755
31.1754289000528,-0.007333882
31.2255164000671,-0.006874312
31.2753074000357,-0.007192763
31.3252429000568,-0.007096714
31.3752493000356,-0.00711713
31.4256817999994,-0.006953667
31.4767131999834,-0.006909238
31.5271531000035,-0.00697203
31.577702300041,-0.007539847
31.6280052000657,-0.007260177
31.6784755999688,-0.006902304
31.7292109000264,-0.006743464
31.7800683999667,-0.007303321
31.8315418000566,-0.007123422
31.8829715000466,-0.00745741
31.9337012000615,-0.007291892
31.9838052999694,-0.007194175
32.0338058000198,-0.006967664
32.0839054000098,-0.00754049
32.1343108000001,-0.007303449
32.1852577000391,-0.007350318
32.2356300000101,-0.007549735
32.2861498000566,-0.00705023
32.3367216000333,-0.007467939
32.3872040000278,-0.007472433
32.4380971000064,-0.007330928
32.4885957000079,-0.007263387
32.5389721000101,-0.007436993
32.5893912999891,-0.007566685
32.6399545000168,-0.007454456
32.6904476999771,-0.007406689
32.7410141000291,-0.007173373
32.7926133000292,-0.007250803
32.8430614999961,-0.006981147
32.8945950999623,-0.00745497
32.9583091000095,-0.008170072
33.0086756000528,-0.007144353
33.0594007000327,-0.007372918
33.1095945000416,-0.007250289
33.1599884000607,-0.007077067
33.2107590000378,-0.007904268
33.2611052000429,-0.007571949
33.3121521000285,-0.007465499
33.3625362999737,-0.007100694
33.4126742000226,-0.007459978
33.462999099982,-0.007296258
33.5135036000283,-0.007599429
33.5639545000158,-0.007439818
33.6142779999645,-0.007350831
33.6658127000555,-0.007579911
33.716552500031,-0.007014661
33.7668734999606,-0.007310383
33.8174384000013,-0.00708734
33.8684321000474,-0.007589413
33.9186710000504,-0.007222938
33.9693644000217,-0.007522641
34.0202554999851,-0.008428174
34.0704592000693,-0.007075655
34.1207619999768,-0.006878035
34.1710519000189,-0.007679041
34.2212786000455,-0.00753638
34.2720015000086,-0.00736624
34.3223195000319,-0.007058833
34.3725378999952,-0.007167595
34.4228256000206,-0.007297285
34.4732822000515,-0.007002719
34.5236742000561,-0.007062557
34.5738879999844,-0.006936589
34.6253495999845,-0.007031739
34.6759776000399,-0.00700914
34.7263144999742,-0.006997711
34.7767816999694,-0.006564721
34.827335900045,-0.006955979
34.8776603000006,-0.007047148
34.9286005999893,-0.006868405
34.9912546999985,-0.007218958
35.0415745000355,-0.007472433
35.0918978999834,-0.007859711
35.1423480999656,-0.00679457
35.1927116999868,-0.006788022
35.2436162000522,-0.007111994
35.3021709000459,-0.007714354
35.3528503000271,-0.00772835
35.403975400026,-0.006515284
35.4544680999825,-0.007193148
35.5053165999707,-0.007914926
35.5557825999567,-0.007083102
35.6060831999639,-0.006727542
35.6564951000037,-0.007359692
35.7069460999919,-0.00730255
35.7578359000618,-0.00738807
35.8081291000126,-0.007498115
35.8585756999673,-0.007280592
35.9092309999978,-0.007330158
35.9639322999865,-0.007239503
36.0145270000212,-0.007036362
36.0652695000172,-0.006929527
36.1163786000106,-0.00714294
36.1666890999768,-0.00731141
36.2171199000441,-0.007502609
36.2675402000314,-0.006659229
36.3176524000009,-0.007894253
36.3678442999953,-0.007608546
36.4183403999777,-0.008329428
36.4686419999925,-0.007760067
36.5189748000121,-0.008290519
36.5694278000155,-0.008116783
36.6199338999577,-0.00837527
36.6710471999831,-0.007787931
36.7227922000457,-0.007583763
36.7732132000383,-0.007723984
36.8236356000416,-0.007415292
36.8741099999752,-0.007599685
36.9244495000457,-0.007545754
36.9750496000051,-0.007560264
37.0259021000238,-0.007872295
37.0770259000128,-0.007436479
37.1275318000698,-0.007826197
37.1779659000458,-0.007751849
37.2282797000371,-0.007678271
37.2785960000474,-0.007478469
37.3294062999776,-0.007369836
37.3796336000087,-0.007673905
37.429918800015,-0.007567198
37.480326000019,-0.007584919
37.5311321000336,-0.007326819
37.5816247999901,-0.007849695
37.6318474999862,-0.007623441
37.6827616000082,-0.007370093
37.7330835000612,-0.007847897
37.7834070000099,-0.007705365
37.8338620000286,-0.008033703
37.8838594000554,-0.008143749
37.9334932999918,-0.007269422
37.9838800999569,-0.008687686
38.0355943000177,-0.007135364
38.0850104000419,-0.007367268
38.1343352000695,-0.007244126
38.1837566000177,-0.00741144
38.2332076999592,-0.007385501
38.2827843000414,-0.007637951
38.3323285999941,-0.007824784
38.382804300054,-0.007934187
38.4322302000364,-0.008041151
38.4817441999912,-0.008286923
38.5316422999604,-0.007646297
38.5821148999967,-0.008168146
38.6377155999653,-0.007803854
38.6881630000426,-0.00763885
38.7390486999648,-0.007549863
38.7895210999995,-0.007355197
38.8398109000409,-0.007057678
38.8902920000255,-0.006988338
38.9412521000486,-0.007387299
38.992441499955,-0.007838395
39.0429298999952,-0.007144481
39.0934823000571,-0.007256196
39.1440855000401,-0.007550249
39.1946148000425,-0.007141656
39.2450119999703,-0.007347621
39.2954400000162,-0.007083744
39.3471516000573,-0.006967536
39.3974478000309,-0.006852739
39.4477416999871,-0.007527906
39.4984046999598,-0.007201109
39.5487102000043,-0.007129329
39.5990035999566,-0.007210354
39.6495160000632,-0.007279437
39.700319900061,-0.007008883
39.7506093999837,-0.007544599
39.8010396000463,-0.007205603
39.8512684999732,-0.007505819
39.9016866000602,-0.00805579
39.9527493000496,-0.007332341
40.041456200066,-0.007581323
40.0922330999747,-0.007374073
40.1431038000155,-0.007787803
40.1935908000451,-0.007268395
40.2441577999853,-0.007131384
40.2943958999822,-0.008018936
40.3513155999826,-0.00728727
40.401639000047,-0.006618395
40.4520617000526,-0.007929051
40.5023907000432,-0.007752105
40.5526959999697,-0.007692011
40.6031479999656,-0.006592328
40.6548239999684,-0.006895756
40.7051528999582,-0.006301999
40.7556115000043,-0.006280811
40.8060315999901,-0.006508735
40.8565082000569,-0.006344758
40.9071538000135,-0.006185402
40.9578515000176,-0.00619773
41.0093367999652,-0.006534802
41.0602517999942,-0.006303925
41.110685099964,-0.006857105
41.1617045999738,-0.006426682
41.2120739000384,-0.006478045
41.2641128000105,-0.006531206
41.3162311000051,-0.005717356
41.3666511999909,-0.006833093
41.4167246000143,-0.006917842
41.4668010000605,-0.007030198
41.516902100062,-0.006983458
41.5673202000326,-0.006776336
41.6189165000105,-0.006791232
41.6691862000153,-0.006787893
41.7194432000397,-0.006680159
41.7700564999832,-0.006703529
41.8204064000165,-0.006811777
41.8707033999963,-0.00647445
41.9211865999969,-0.006507964
41.972082399996,-0.006248709
42.0228399999905,-0.006590659
42.0734912999906,-0.00672767
42.1239535000641,-0.006671813
42.1743193999864,-0.006618138
42.2257039999822,-0.006897553
42.2762187999906,-0.007086698
42.3265372000169,-0.00683168
42.3768880000571,-0.006654606
42.4274844999891,-0.0065809
42.4778102999553,-0.006655376
42.5287212000694,-0.00679701
42.5807446000399,-0.006848116
42.6311802000273,-0.006857362
42.6817542000208,-0.007109298
42.7319700999651,-0.007146407
42.782395599992,-0.006903588
42.8330347000156,-0.007126247
42.8833615999902,-0.007166311
42.9339976999909,-0.006963298
42.9846348999999,-0.007248363
43.0354559000116,-0.007805908
43.0886443000054,-0.006991805
43.1422248999588,-0.007671465
43.192736200057,-0.006584624
43.2424429999664,-0.006928628
43.2928576000268,-0.00688651
43.3434123999905,-0.007112123
43.3935812000418,-0.006838999
43.4440653000493,-0.007042911
43.4944827000145,-0.007761094
43.5453379000537,-0.007248106
43.5956756999949,-0.006888436
43.6460557000246,-0.007131897
43.6965114000486,-0.006839128
43.7468088000314,-0.006644719
43.7979107999709,-0.006474065
43.848271899973,-0.00763962
43.898901800043,-0.00684619
43.9498531999998,-0.007517505
44.0057259000605,-0.006955465
44.056813800009,-0.006958675
44.1071268999949,-0.007000793
44.1579005999956,-0.007324123
44.2082618999993,-0.007054596
44.2586865000194,-0.006930426
44.3090729999822,-0.00755577
44.3595938000362,-0.006008842
44.4109502000501,-0.006343346
44.4614995999727,-0.006312528
44.5119595000288,-0.006260009
44.5623159999959,-0.006434387
44.6127296000486,-0.006611333
44.6628442000365,-0.006620193
44.713288799976,-0.006508478
44.7649867000291,-0.00746704
44.8153289000038,-0.006810878
44.8656410999829,-0.0076106
44.9160964000039,-0.007011836
44.9667469999986,-0.007428518
45.0174400999677,-0.006465975
45.0681300000288,-0.006805228
45.1185867000604,-0.006456987
45.1687996999826,-0.005935393
45.2193184000207,-0.006280683
45.2702403999865,-0.007405533
45.3206567000598,-0.006498591
45.3926955000497,-0.006039531
45.4430141999619,-0.006382253
45.4933888000669,-0.00711392
45.5447023999877,-0.00782427
45.5950856000418,-0.007633585
45.6456816999707,-0.007410541
45.695931800059,-0.007644757
45.7462968999753,-0.007443157
45.796922700014,-0.007032895
45.8476299999747,-0.006726643
45.8991845999844,-0.00749285
45.9497650000267,-0.007020953
46.0000945000211,-0.006761184
46.0508612999693,-0.006878549
46.1017613000004,-0.00727122
46.1522267999826,-0.00683091
46.2033241000026,-0.006927087
46.2541161000263,-0.00712522
46.305295899976,-0.007046121
46.3557401000289,-0.006966893
46.4063031000551,-0.006813446
46.4562883999897,-0.006983458
46.5074796000263,-0.007033794
46.5580021999776,-0.007480138
46.6084239999764,-0.007129843
46.6587552999845,-0.006796882
46.7092881000135,-0.007063456
46.7595988999819,-0.007060759
46.8100922000594,-0.007527007
46.8616343999747,-0.007238604
46.9119695000118,-0.0072083
46.9622584000463,-0.007176968
47.0127021999797,-0.007556284
47.0636097000679,-0.007842761
47.114180500037,-0.007658753
47.1646978000645,-0.007560906
47.2153914000373,-0.007531629
47.2658479000675,-0.006948788
47.3162919000024,-0.007004003
47.3663535000524,-0.007898362
47.4163957999554,-0.007290095
47.4677068999736,-0.007020311
47.5182102000108,-0.008113316
47.5686830000486,-0.007565015
47.6191793000326,-0.006950843
47.6698749000207,-0.006610434
47.7201950000599,-0.007676858
47.7708101000171,-0.007257352
47.8229177000467,-0.007244126
47.8745652000653,-0.007270064
47.9250436000293,-0.00739449
47.9753812999697,-0.007287526
48.0258210999891,-0.007137419
48.0767756999703,-0.007690213
48.1272378000431,-0.00764527
48.1776737000328,-0.007525594
48.2279620000627,-0.007671337
48.2781685000518,-0.007275328
48.3283651999664,-0.007496574
48.3786965999752,-0.007516991
48.4299892999698,-0.006940955
48.4802861000644,-0.006499746
48.5306383999996,-0.006700191
48.5812714999774,-0.006616854
48.6315886999946,-0.007271605
48.6820300000254,-0.007223966
48.7326646000147,-0.006392269
48.7841256000102,-0.007406817
48.8346200999804,-0.007250289
48.8851145000663,-0.007537921
48.9355770000257,-0.007489126
48.9863130999729,-0.008251868
49.0370437999954,-0.007649508
49.0880254000658,-0.007512625
49.1389059000649,-0.007600199
49.1892126000021,-0.007533812
49.2396308999741,-0.007794095
49.2900745000225,-0.007673006
49.340574300033,-0.007728992
49.3919984999811,-0.007726295
49.442507800064,-0.008408399
49.4930336000398,-0.007663889
49.5433285000036,-0.007992741
49.5937850000337,-0.00828397
49.644446899998,-0.007846999
49.6948311000597,-0.0077453
49.7464066999964,-0.008601524
49.7966076000594,-0.007890657
49.8470933999633,-0.007860738
49.8976363000693,-0.007489897
49.9481274000136,-0.008003271
49.9986512999749,-0.006998867
50.0490874999668,-0.006911421
50.0998329999857,-0.006949173
50.1671764999628,-0.007798846
50.2174228000222,-0.006842595
50.2686177999713,-0.007410284
50.3186833000509,-0.008515619
50.368771999958,-0.008222976
50.4246753000189,-0.007539462
50.4751904000295,-0.007643472
50.5261510000564,-0.007234623
50.5769563000649,-0.007405019
50.6274098999566,-0.007809504
50.6777748999884,-0.007247464
50.7283119000495,-0.007449448
50.7785902000032,-0.007494648
50.8293047000188,-0.007696762
50.8809539000504,-0.007353271
50.9313657999737,-0.007999675
50.9815790000139,-0.008440501
51.031708399998,-0.008079673
51.0822342999745,-0.008023559
51.1331337000011,-0.007838909
51.1838217000477,-0.008289748
51.2347700999817,-0.00845835
51.2850857999874,-0.007956659
51.3353864999954,-0.007924172
51.3860313000623,-0.007894253
51.4376012999564,-0.008320181
51.4886770000449,-0.00774607
51.5391343999654,-0.007830049
51.5894797999645,-0.00764206
51.6397049999796,-0.007854189
51.6903659000527,-0.008612696
51.7406425999943,-0.007545883
51.7910600999603,-0.007866773
51.8425641000504,-0.007587358
51.8926969000604,-0.0075993
51.9430140999612,-0.007627165
51.9935257000616,-0.007719361
52.0439039999619,-0.007451375
52.0943398000672,-0.007376513
52.1454308000393,-0.008221179
52.1967280000681,-0.007452915
52.2470341000007,-0.007525081
52.2981505000498,-0.007487971
52.3486897000112,-0.007507232
52.3989805000601,-0.007916339
52.4504594999598,-0.007513267
52.5006234999746,-0.007278409
52.5508785999846,-0.00734775
52.6012985999696,-0.007269037
52.6515221999725,-0.006613387
52.7017786999932,-0.007513652
52.7525955999736,-0.007433654
52.8041588000488,-0.00730499
52.8545948000392,-0.006759001
52.904738000012,-0.006759772
52.9548663999885,-0.006625971
53.005181799992,-0.006604142
53.0554859000258,-0.006685424
53.105971800047,-0.00664382
53.1571045999881,-0.00674295
53.2078268000623,-0.006982688
53.2583014999982,-0.007768542
53.3087465000572,-0.007443542
53.3590557000134,-0.008046416
53.4101561000571,-0.007534326
53.4602910999674,-0.007421969
53.5103130000644,-0.007906965
53.5604564000387,-0.007506461
53.6107435000595,-0.007469095
53.660936600063,-0.007310768
53.7112426999956,-0.007928666
53.7628289000131,-0.007752619
53.8131450000219,-0.008101117
53.8636834999779,-0.008051295
53.9141884000273,-0.007641033
53.9643946000142,-0.007537536
54.0156411000062,-0.007598016
54.0671383000445,-0.007491566
54.1183381000301,-0.007519687
54.1690300999908,-0.007646939
54.2370498999953,-0.007580553
54.2881339000305,-0.007305632
54.3383213999914,-0.007475515
54.3885687000584,-0.007504664
54.4388929000124,-0.007707933
54.4893576999893,-0.00737677
54.5398055000696,-0.007461776
54.5901595000178,-0.007623312
54.6412088000216,-0.00759288
54.6917004999705,-0.007549606
54.7420102000469,-0.007626394
54.7923416000558,-0.007622414
54.8429126000265,-0.007905938
54.8937962000491,-0.007528933
54.9440756000113,-0.007659652
54.9945543999784,-0.007592495
55.0450065999758,-0.007461776
55.0953906000359,-0.007652718
55.1460264000343,-0.007128559
55.1966040000552,-0.007831333
55.2485343000153,-0.007475515
55.2990487000207,-0.00713087
55.3493346000323,-0.007691754
55.3992777999956,-0.008450645
55.468679200043,-0.007428004
55.5189387999708,-0.007189809
55.5686502000317,-0.007175171
55.6182588000083,-0.007356867
55.668380600051,-0.007148462
55.7188438000158,-0.007144353
55.7698945000302,-0.007133053
55.8210481000133,-0.007253756
55.8712469000602,-0.006971516
55.9213815999683,-0.007579525
55.9717370000435,-0.007466784
56.0220714999596,-0.007221654
56.0724686000031,-0.007273659
56.1239202000434,-0.006258468
56.1799469999969,-0.006957263
56.2303010000615,-0.007186471
56.2801573000615,-0.007280336
56.330072300043,-0.007329387
56.3810967999743,-0.007319885
56.463724900037,-0.007381264
56.5132785000606,-0.007162587
56.5634224000387,-0.007129971
56.6131767999614,-0.00715424
56.663512900006,-0.007224864
56.7139441999607,-0.007534454
56.7642823000206,-0.007389867
56.8147603999823,-0.007551661
56.8652515000431,-0.007332341
56.9158138000639,-0.00751622
56.9662792000454,-0.007484632
57.0168948000064,-0.00716875
57.0675071000587,-0.006836174
57.1177362999879,-0.007072958
57.1694384999573,-0.007118158
57.2201212999644,-0.007390124
57.2706111000152,-0.007241301
57.3210871999618,-0.007047148
57.3715008000145,-0.007377027
57.4220024000388,-0.00727597
57.473205300048,-0.007109298
57.5242351000197,-0.00693415
57.5745678000385,-0.007149746
57.6251390000107,-0.007594806
57.6753366000485,-0.007276483
57.7255476999562,-0.00742839
57.7761170000304,-0.007091192
57.826514699962,-0.006454418
57.8768203000072,-0.006718039
57.9270329000428,-0.007111609
57.9775131000206,-0.00735096
58.0278603000334,-0.007569638
58.0782082000515,-0.007241814
58.1295979999704,-0.007304348
58.1799260000698,-0.007502866
58.2306233000709,-0.007201623
58.2812785999849,-0.007152443
58.3316436000168,-0.006977937
58.3820865000598,-0.007120597
58.4328739000484,-0.007264542
58.4844071000116,-0.007232826
58.5348553999793,-0.007372918
58.5853553999914,-0.007034564
58.6358751000371,-0.007306146
58.6861917000497,-0.007583763
58.7367282999912,-0.007118158
58.7871694000205,-0.006968306
58.8377238999819,-0.007148976
58.8882713000057,-0.006870074
58.9386921999976,-0.007162073
58.9890879000304,-0.006974983
59.0395389000187,-0.006743593
59.0910654000472,-0.006325369
59.1414206000045,-0.00674295
59.1919688000344,-0.007009396
59.2450331000146,-0.007159248
59.2970924000256,-0.007500555
59.3482238999568,-0.007266212
59.3981495000189,-0.007224993
59.4486864999635,-0.007458052
59.5014508999884,-0.007420428
59.5516569999745,-0.006836174
59.6009870000416,-0.007012735
59.6506421000231,-0.007294974
59.7014658000553,-0.007202265
59.7514461000683,-0.007444312
59.8014468000038,-0.007413238
59.8516740000341,-0.007445083
59.9021476999624,-0.00727443
59.9529985999689,-0.007530217
60.0032421000069,-0.00722037
60.054706600029,-0.007328874
60.105190500035,-0.007344668
60.1555192000233,-0.008273184
60.2061543000164,-0.007666843
60.25701880001,-0.007594678
60.3149410999613,-0.008236331
60.3654136999976,-0.00872762
60.4156739000464,-0.008842545
60.4657199999783,-0.008484031
60.5247476999648,-0.007837882
60.5760462000035,-0.007510956
60.6266952999868,-0.007555513
60.6770262999926,-0.007730661
60.7271902000066,-0.007485788
60.777746399981,-0.007543058
60.8290487000486,-0.007846742
60.8795860999962,-0.007270192
60.931035400019,-0.007361746
60.9813752999762,-0.007119442
61.0317196999677,-0.007464986
61.0822684000013,-0.007643729
61.1326095999684,-0.007265184
61.1828845000127,-0.007560521
61.2336581000127,-0.007490154
61.2845285000512,-0.007068849
61.3348714000313,-0.007429417
61.3854311000323,-0.007300496
61.4357951000566,-0.008357806
61.4859753999626,-0.008137842
61.5373932999792,-0.008320438
61.5872711000266,-0.008190746
61.6372866999591,-0.00829604
61.6877430999884,-0.007660936
61.7381121000508,-0.00768559
61.788660399965,-0.007680069
61.8389897999587,-0.007429931
61.8905715000583,-0.007733101
61.940778200049,-0.007382933
61.9910339000635,-0.006737943
62.0415449000429,-0.006800092
62.0917784000048,-0.006727413
62.1420374000445,-0.006807411
62.192505300045,-0.006983201
62.2438036999665,-0.00775737
62.2946868999861,-0.007353656
62.3452797000064,-0.00902283
62.3960641999729,-0.008604092
62.4463586000493,-0.008136044
62.4974074000493,-0.007617791
62.548401099979,-0.007522256
62.5988675999688,-0.007737981
62.6492581999628,-0.007561035
62.6992877000012,-0.00744688
62.7495497000637,-0.007804496
62.7999055000255,-0.007753261
62.8515933000017,-0.007840707
62.9019213999854,-0.007598915
62.9523812000407,-0.009033873
63.0028712999774,-0.00752431
63.053175500012,-0.007378054
63.1036343000596,-0.007699458
63.1541476000566,-0.007577599
63.205032799975,-0.007494391
63.2558805999579,-0.007634612
63.3066697999602,-0.00789849
63.3568487999728,-0.007680325
63.4075457999716,-0.007352758
63.4585782999639,-0.007777016
63.5090569000458,-0.007780483
63.5594844999723,-0.007351088
63.6101668999763,-0.007585561
63.6605197000317,-0.007575288
63.7109443000518,-0.007221269
63.7614131000592,-0.007089394
63.812906300067,-0.00741786
63.8633276000619,-0.007606106
63.9138590999646,-0.007812971
63.9641840000404,-0.007569381
64.0150654000463,-0.007616122
64.0655808000593,-0.00708811
64.1159222000279,-0.007465114
64.1672008000314,-0.007724369
64.2179099000059,-0.007866517
64.268286800012,-0.007697018
64.3186987000518,-0.007660037
64.3693686999613,-0.007769826
64.4205826000543,-0.007505434
64.4710031000432,-0.008128725
64.5213618000271,-0.007867287
64.5717238000361,-0.007369836
64.6222530000378,-0.007520843
64.6726922000526,-0.007251316
64.7231790999649,-0.007245024
64.7747093000216,-0.007658881
64.825213400065,-0.00746139
64.8756753000198,-0.007720774
64.9261047999607,-0.007414136
64.9764678999782,-0.007583121
65.026851600036,-0.007896179
65.0772181999637,-0.007340559
65.1281256000511,-0.007207144
65.1783615000313,-0.007539847
65.2286428000079,-0.007364571
65.2858249000274,-0.008084424
65.3365963000106,-0.007592751
65.3879249000456,-0.007883723
65.4383603000315,-0.008094697
65.4886397999944,-0.008020092
65.5465962999733,-0.00829771
65.5971200000495,-0.007724883
65.6486984000076,-0.008754586
65.699099099962,-0.007485017
65.7494630999863,-0.007441616
65.7996436000103,-0.007608417
65.850204700022,-0.00772591
65.9007608999964,-0.00811139
65.9518918000394,-0.007533299
66.0028768000193,-0.007714739
66.0533023000462,-0.00814362
66.1038617000449,-0.007400268
66.1543241000036,-0.007660422
66.2047068000538,-0.007766615
66.2560684999917,-0.007065896
66.3070588000119,-0.00794369
66.357792600058,-0.008263039
66.4079941000091,-0.007789215
66.4585945999716,-0.007965776
66.5087832000572,-0.007920705
66.5591997000156,-0.008146188
66.610537200002,-0.008283585
66.6607814000454,-0.008075436
66.7113084000303,-0.007890144
66.7616796999937,-0.008362686
66.8122073999839,-0.008298994
66.8626154999947,-0.008311449
66.9134911999572,-0.008126799
66.9641501000151,-0.008208595
67.0145076999907,-0.00778883
67.0655958000571,-0.007623056
67.1159390000394,-0.008698857
67.1663955000695,-0.007436865
67.2177583000157,-0.007742346
67.2680654999567,-0.007910047
67.3189847000176,-0.007862664
67.3705337999854,-0.007650535
67.420996800065,-0.007944845
67.4713558000512,-0.007476414
67.5221887000371,-0.007187113
67.5737895000493,-0.007709346
67.6241725999862,-0.00860024
67.6744674000656,-0.007332212
67.724722999963,-0.00734287
67.7751744000707,-0.007716665
67.8259890000336,-0.007543314
67.8761419999646,-0.007712171
67.9263020000653,-0.007574774
67.9766493999632,-0.007747226
68.0268868000712,-0.007477185
68.0771136999829,-0.007467169
68.1272287999745,-0.007115975
68.1787403000053,-0.007952421
68.2289694000501,-0.007548836
68.2795568000292,-0.007313208
68.3304796000011,-0.007535867
68.3811627000105,-0.007341201
68.4316146000056,-0.007327204
68.4824079000391,-0.007603152
68.5336890000617,-0.007159248
68.5843895999715,-0.007638336
68.6347089000046,-0.007010038
68.6849885999691,-0.00728239
68.7354547999566,-0.007233981
68.7862043000059,-0.007499784
68.8366010000464,-0.007324251
68.8873828999931,-0.007756856
68.9379071999574,-0.007433654
68.9883483999874,-0.007708704
69.0387777000433,-0.00895182
69.0891783999978,-0.008385157
69.1411203000462,-0.008508172
69.1913992000045,-0.009164977
69.242193800048,-0.008277678
69.2929230000591,-0.007988761
69.3433704000199,-0.008012773
69.3993785000639,-0.008068117
69.4497366000433,-0.008387083
69.5002998999553,-0.008141823
69.550797300064,-0.008668296
69.6012008000398,-0.00833328
69.6515133000212,-0.008270102
69.7019865000621,-0.008736609
69.753455099999,-0.008510355
69.8040139999939,-0.008031392
69.8546479999786,-0.007702412
69.9052587000188,-0.007849824
69.9557189999614,-0.008052836
70.0063495000359,-0.008003784
70.0566618000157,-0.007476671
70.1078688000562,-0.007701898
70.1586487999884,-0.007957814
70.2090665999567,-0.008146959
70.2606177000562,-0.008143364
70.3112825000426,-0.008026384
70.3627395000076,-0.007904525
70.4130554000149,-0.007975535
70.4633992000017,-0.008116526
70.5136639999691,-0.008091744
70.5841076000361,-0.008182913
70.6346456999891,-0.008443711
70.6851445999928,-0.008259059
70.735529400059,-0.008153636
70.7858874000376,-0.007868314
70.8362112999894,-0.00801059
70.8877478999784,-0.008073253
70.9384034000104,-0.007540875
70.9891065000556,-0.007716023
71.0397823000094,-0.008369748
71.0900050000055,-0.007884879
71.1404488000553,-0.007441616
71.1908004999859,-0.008302974
71.2417055000551,-0.007978103
71.2915042999666,-0.008257004
71.352063999977,-0.007545497
71.402840099996,-0.00780257
71.4529732000083,-0.007666329
71.5040048999945,-0.007691882
71.5540703999577,-0.007599685
71.6041113999672,-0.007552046
71.6541359999683,-0.007876019
71.7042256999994,-0.008069144
71.7545824999688,-0.008050782
71.8052607000573,-0.007784849
71.8563281999668,-0.007963464
71.9068153999979,-0.008403776
71.9574022999732,-0.009502174
72.0076207000529,-0.009105909
72.0579861999722,-0.008711955
72.1089658000274,-0.009209278
72.1591620000545,-0.009516941
72.2096627999563,-0.008948482
72.2604613000294,-0.00845026
72.3108341000043,-0.008410453
72.3619414999848,-0.008487498
72.4133543999633,-0.008650576
72.4654619999928,-0.008022147
72.515974399983,-0.008226443
72.5662719999673,-0.008568652
72.616743599996,-0.008195369
72.6671917999629,-0.00786305
72.7176705000456,-0.008335463
72.7678873999976,-0.008131036
72.8187830999959,-0.008595361
72.8690864000237,-0.008541943
72.9193459000671,-0.008483261
72.9699457000243,-0.006696981
73.0205516000278,-0.006701988
73.0717290999601,-0.008490451
73.1217886999948,-0.009861331
73.1720304000191,-0.008630673
73.2224677000195,-0.008436263
73.2729116000701,-0.008064264
73.3233170000603,-0.007737724
73.3810425000265,-0.007782923
73.4316985000623,-0.007935086
73.4824350000126,-0.007928666
73.5328384999884,-0.007874349
73.58358830004,-0.007849952
73.6339434999973,-0.007910047
73.6854945999803,-0.006626613
73.7360468000406,-0.007919549
73.7863941000542,-0.008408527
73.836820699973,-0.008420212
73.8872950000223,-0.007999932
73.937718500034,-0.008482747
73.9881563000381,-0.008194983
74.0394976000534,-0.008140795
74.0894835999934,-0.008555939
74.139060699963,-0.008521911
74.1885290000355,-0.008361659
74.238025699975,-0.008391578
74.2876323000528,-0.007946001
74.3377209999599,-0.008641074
74.3893687999807,-0.008123717
74.4402527000057,-0.008173668
74.4905641999794,-0.008097008
74.540880399989,-0.008329428
74.5913304999704,-0.008078903
74.6421021999558,-0.008208723
74.692382200039,-0.008305414
74.7428355000447,-0.008305671
74.7933157000225,-0.008410839
74.8436486000428,-0.008591123
74.8939444000134,-0.00843331
74.9444371999707,-0.008316457
74.9958373999689,-0.008601267
75.0461121000117,-0.008366024
75.0965655000182,-0.008419185
75.1468874000711,-0.008486984
75.1972371999873,-0.00887439
75.2478546999628,-0.008306184
75.2985342000611,-0.008174952
75.3498826000141,-0.008052451
75.4109700999688,-0.008545795
75.4617498000152,-0.008289235
75.5120773999952,-0.008160185
75.5625112999696,-0.008585602
75.6200249000685,-0.00742274
75.670466599986,-0.00738884
75.7207350999815,-0.00749773
75.7706769000506,-0.007366497
75.8208508000243,-0.007439433
75.8721925000427,-0.007732844
75.9226008000551,-0.007280079
75.9727820999688,-0.007736953
76.0229571000673,-0.008143364
76.0732693000464,-0.007803854
76.1236136000371,-0.008205256
76.1738670000341,-0.008486599
76.2249850999797,-0.008737765
76.2755243000574,-0.00860268
76.3257728000171,-0.008704892
76.3760683999863,-0.008669195
76.4275774999987,-0.008679339
76.4798040000023,-0.008822
76.5298881999915,-0.008539246
76.5801816000603,-0.008889799
76.6305154999718,-0.008916893
76.6805382999592,-0.00875831
76.7306554999668,-0.008660335
76.7811352000572,-0.00847684
76.8325814000564,-0.008573916
76.8830479000462,-0.008551702
76.9333976999624,-0.008245833
76.983685299987,-0.007927639
77.0343245000113,-0.008458093
77.0846448000521,-0.008686273
77.134992999956,-0.008092257
77.1863588000415,-0.007940223
77.236868500011,-0.008370904
77.2871085000224,-0.008039739
77.33771230001,-0.008437804
77.3887447000016,-0.008324292
77.4560059000505,-0.008228883
77.5066075000214,-0.008364355
77.5570376999676,-0.008171742
77.6073992999736,-0.00828076
77.6579454999883,-0.00878245
77.7091844000388,-0.008573788
77.7596207000315,-0.008618602
77.8098968999693,-0.008504705
77.8603090000106,-0.009022188
77.9106801999733,-0.008678183
77.9612130000023,-0.008533982
78.0117357000709,-0.008197166
78.0622672999743,-0.00845989
78.1125648999587,-0.008285254
78.163139399956,-0.008416232
78.2136088999687,-0.009028223
78.2638267000439,-0.008484159
78.3155075999675,-0.008263039
78.3660442000255,-0.008240568
78.416866500047,-0.008453855
78.4674543000292,-0.008232864
78.5178886000067,-0.008609357
78.5681756000267,-0.008390679
78.6190498999786,-0.008090074
78.670479399967,-0.00775493
78.7207653999794,-0.007655286
78.7712581000524,-0.008047443
78.8216673999559,-0.008180987
78.8719291000161,-0.008533083
78.923126699985,-0.007883852
78.9735755999573,-0.008629517
79.0247456000652,-0.008222077
79.0752197999973,-0.007882054
79.1255493999925,-0.008353569
79.1758599999594,-0.008092386
79.2262669999618,-0.008147601
79.2778611000395,-0.007578627
79.3280465999851,-0.007900031
79.3784610000439,-0.008058614
79.4294176000403,-0.008305542
79.4800036000088,-0.008276651
79.5300883000018,-0.008063622
79.5810254999669,-0.007816694
79.6322698000586,-0.008208209
79.6828244000208,-0.008251354
79.733125400031,-0.008831117
79.7834553000284,-0.008322235
79.8340422000038,-0.008670864
79.8850871999748,-0.008932559
79.9355540999677,-0.007989788
79.9859246000415,-0.007989788
80.0365920000477,-0.007774962
80.0868526999839,-0.007568611
80.1371969999746,-0.00821707
80.1876775999554,-0.007795507
80.239217299968,-0.007751592
80.2896548999706,-0.007605849
80.3402791999979,-0.008139511
80.3906212999718,-0.00845835
80.4474420000333,-0.008026127
80.4991422999883,-0.008202945
80.5497026999947,-0.008233891
80.60015199997,-0.008425606
80.6695334999822,-0.008741745
80.7198282000609,-0.009106808
80.7708124000346,-0.00898649
80.8211308000609,-0.008963634
80.8715100999689,-0.009217624
80.9220654000528,-0.009075734
80.972411600058,-0.009330751
81.0235780000221,-0.009032075
81.0739901000634,-0.008939108
81.1238912000554,-0.008675487
81.1738842000486,-0.008841518
81.2241891999729,-0.009003055
81.2746464000083,-0.009353479
81.3249730999814,-0.009670645
81.3765768000158,-0.009073422
81.427109100041,-0.009169086
81.4781249000225,-0.008891725
81.5291386999888,-0.00945903
81.5795006999979,-0.009062636
81.629841899965,-0.008593306
81.6800833999878,-0.008294756
81.7304656000342,-0.008494304
81.7802332000574,-0.008572247
81.8300691000186,-0.008055276
81.8804499000544,-0.007581195
81.9308725000592,-0.007535867
81.9815881999675,-0.007162202
82.0320554999635,-0.007677501
82.0825229999609,-0.007376641
82.132758700056,-0.008284098
82.1831424999982,-0.008862577
82.2333507000003,-0.009139937
82.2838079000358,-0.008752018
82.3349987000693,-0.00877359
82.3854730000021,-0.008948738
82.4358389000408,-0.009290174
82.5020898999646,-0.009384938
82.5530511999969,-0.009092298
82.6040261000162,-0.008414306
82.6546065000584,-0.009216854
82.7049175000284,-0.009245489
82.7553583000554,-0.009293128
82.8058579000644,-0.008925111
82.8569456000114,-0.010347996
82.9076030000579,-0.00890906
82.9579989999766,-0.009051079
83.0083411000669,-0.009567919
83.0585600000341,-0.009096921
83.1090257000178,-0.009528755
83.1592838000506,-0.009658318
83.2107634999556,-0.009316498
83.2611800000304,-0.009025911
83.3114857999608,-0.008782065
83.3616476999596,-0.00894052
83.4122141000116,-0.009194382
83.4630617999937,-0.009014355
83.5138116000453,-0.008999203
83.5653130999999,-0.009169086
83.6157614999684,-0.008826238
83.6660671000136,-0.009094866
83.7164638000541,-0.008656483
83.7667396999896,-0.008105997
83.8349209000589,-0.008324549
83.9075254000491,-0.008124873
83.9565969000105,-0.008204999
84.0061673000455,-0.008401465
84.0562540000537,-0.008481977
84.1063781999983,-0.008576228
84.1564524000278,-0.00858252
84.2066132000182,-0.01001863
84.2583378000418,-0.009031561
84.30863460002,-0.009023215
84.3590198999737,-0.00888171
84.4095190999797,-0.009040293
84.4599319000263,-0.00887683
84.5307759999996,-0.008533596
84.5819297999842,-0.007945616
84.6325192999793,-0.008162881
84.6832190999994,-0.008150169
84.7337345000124,-0.008669452
84.7854395000031,-0.008587271
84.8358614000026,-0.008605633
84.8861399999587,-0.008482105
84.9365483999718,-0.008146831
84.9869793000398,-0.008169045
85.0373812000034,-0.0086204
85.0877807000652,-0.00839543
85.1387540999567,-0.008761648
85.1890756000066,-0.008120892
85.2393935000291,-0.008018936
85.2897089000326,-0.008137328
85.3401328000473,-0.007741961
85.3911297000013,-0.008415718
85.4418469000375,-0.008160442
85.4921492000576,-0.008504833
85.5429843000602,-0.00928889
85.5937607999658,-0.008448462
85.6440680000233,-0.007797562
85.7021864999551,-0.008037941
85.7526466000127,-0.008028824
85.8029233000707,-0.007784207
85.8532574999845,-0.00785573
85.9034120000433,-0.007996337
85.9537280000513,-0.00809444
86.0049928000663,-0.007947413
86.0553344000364,-0.007824913
86.1056448000018,-0.007958585
86.1558761000633,-0.008077876
86.2064133000095,-0.008265351
86.256828899961,-0.008096752
86.3074059999781,-0.008269075
86.3589004999958,-0.008477482
86.4093481999589,-0.008932559
86.459671700024,-0.009222375
86.5104295000201,-0.008892753
86.5622784000589,-0.008627719
86.612709900015,-0.009080485
86.6627577999607,-0.008891469
86.7128404000541,-0.009030534
86.762958999956,-0.008889157
86.8130779999774,-0.009111559
86.8631514000008,-0.009293128
86.9132395000197,-0.008726722
86.9641004999867,-0.008302974
87.0146386000561,-0.008544511
87.0651895999908,-0.008504962
87.1154914000072,-0.008367951
87.1659554999787,-0.008495845
87.2165221000323,-0.007803597
87.2668373000342,-0.007975278
87.318299000035,-0.008021119
87.3687980000395,-0.007833259
87.4197645999957,-0.008211676
87.4704876999604,-0.007968986
87.5216061000247,-0.009240994
87.5721842000494,-0.009617228
87.6226409999654,-0.009065975
87.6731768000172,-0.00840506
87.7234018000308,-0.008554013
87.7738389000297,-0.008306313
87.8243309999816,-0.008272798
87.8746833000332,-0.009146871
87.9258600999601,-0.008512409
87.9762343000621,-0.008397741
88.0266708000563,-0.008982895
88.0770656999666,-0.009182055
88.127577999956,-0.008369877
88.1778973999899,-0.008484159
88.2282462000148,-0.008272285
88.2799555000383,-0.008350616
88.3304594999645,-0.008694748
88.3808027000632,-0.008415975
88.4315239000134,-0.008776544
88.4818442000542,-0.008828806
88.5328303000424,-0.00819691
88.5838176000398,-0.008239027
88.6344914999791,-0.007877688
88.6849458999932,-0.008021505
88.7349749000277,-0.008160185
88.7849141999613,-0.007873707
88.8351055000676,-0.008507786
88.8861087000696,-0.008411866
88.9364120999817,-0.007868057
88.9867607000051,-0.007555513
89.0371871000389,-0.00742274
89.0876387000317,-0.008350102
89.1379706000444,-0.008672148
89.1884597999742,-0.008083911
89.2403937999625,-0.008179574
89.2908750000643,-0.008200633
89.3414826999651,-0.008608587
89.3919459000463,-0.007708062
89.4423193000257,-0.008179189
89.4928336000303,-0.007570537
89.5437451000325,-0.007269422
89.5950877000578,-0.007611884
89.6455937999999,-0.007751849
89.6957139000297,-0.008092257
89.7456376999617,-0.007841734
89.795564900036,-0.0082719
89.8461873000488,-0.008659821
89.8965244999854,-0.00907278
89.9468603000278,-0.00876794
89.9972421000712,-0.009031818
90.0478545000078,-0.009056472
90.0980224000523,-0.009159841
90.1486049999949,-0.009637131
90.2003249999834,-0.008731473
90.2506622000365,-0.008424193
90.3010754999705,-0.008439345
90.3516114000231,-0.008090716
90.4019242000068,-0.008236074
90.4524842000101,-0.008470805
90.503432400059,-0.008464128
90.555108700064,-0.008421497
90.6058224999579,-0.008553885
90.6561536999652,-0.008363456
90.7141297999769,-0.008807875
90.7648072000593,-0.008511767
90.8161121000303,-0.008283071
90.8665762000019,-0.008354083
90.9168839000631,-0.009068414
90.9672289000591,-0.008743029
91.0179142999696,-0.008413664
91.068477599998,-0.007928152
91.1190836000023,-0.008012516
91.1698678999674,-0.008712854
91.2203943000641,-0.008880554
91.2707838000497,-0.008604734
91.3214345000451,-0.009004981
91.3720963000087,-0.008682806
91.4236701000482,-0.008773719
91.47419670003,-0.008244806
91.5245109000243,-0.008622455
91.5752553000348,-0.008547079
91.6260200999677,-0.008587399
91.6772073999746,-0.009302502
91.7274506000103,-0.008501751
91.7784511999926,-0.008583547
91.828457799973,-0.008695005
91.8788457000628,-0.008517417
91.9294121999992,-0.008379892
91.9797970000655,-0.008823669
92.0305198000278,-0.00870746
92.0808940000134,-0.008297324
92.1311797000235,-0.008205641
92.1813810999738,-0.00836641
92.2315937000094,-0.008290904
92.2820272999816,-0.008679596
92.3322231000057,-0.00866881
92.3833743999712,-0.008960552
92.4338517000433,-0.008458221
92.4840477000689,-0.008737123
92.5343636999605,-0.00847363
92.6220883000642,-0.008636836
92.6726756000426,-0.008989058
92.7229835999897,-0.008662518
92.7739096999867,-0.008702709
92.8252966,-0.008536421
92.87561680004,-0.008910858
92.9262135999743,-0.008720301
92.9763805000112,-0.008948096
93.0265596000245,-0.008877344
93.0767755999696,-0.008591894
93.1272694000509,-0.009085878
93.17801709997,-0.008606789
93.2288414000068,-0.008509327
93.2795061999932,-0.008849351
93.3299418999814,-0.008973007
93.3804004000267,-0.008826623
93.4316537000705,-0.008645311
93.4823057999602,-0.008973007
93.5329298999859,-0.008877857
93.5836958000436,-0.008754458
93.6344686000375,-0.008077362
93.6849327000091,-0.008278834
93.7356171000283,-0.008134889
93.7869384000078,-0.009073294
93.8374890000559,-0.008683448
93.8878823000705,-0.008145932
93.9382802000037,-0.008521655
93.9887497000163,-0.009219037
94.039418600034,-0.008849736
94.0896634999663,-0.008346121
94.1401427000528,-0.008668039
94.1901688000653,-0.009040807
94.239964999957,-0.008944501
94.2901420000708,-0.010005918
94.3407153000589,-0.009233033
94.3916967000114,-0.009090629
94.4421642000089,-0.008969027
94.4928174000233,-0.00865751
94.5434623999754,-0.009339997
94.594104400021,-0.008690896
94.6507217000471,-0.009088831
94.7013135000598,-0.009146229
94.7518419000553,-0.008868227
94.8022673999658,-0.008894037
94.8526088000508,-0.009435402
94.9028602000326,-0.008779626
94.9530528000323,-0.008386698
95.0043841999723,-0.008488654
95.0548488000641,-0.008303488
95.1052643000148,-0.007953962
95.155697899987,-0.007664018
95.2061298000626,-0.00743404
95.2563812000444,-0.008735453
95.3070543999784,-0.008564286
95.3585240000393,-0.008267919
95.4088733000681,-0.008389908
95.4595791000174,-0.007948441
95.5099118000362,-0.008284098
95.5602139000548,-0.008156846
95.6109732000623,-0.008205384
95.6619543000124,-0.008350872
95.7127949000569,-0.008660848
95.783188499976,-0.008395815
95.8337398000294,-0.008314788
95.8851986000082,-0.00836718
95.9357525999658,-0.008047957
95.9861354000168,-0.00867844
96.0366678000428,-0.008452956
96.0869759999914,-0.008318512
96.1375187999802,-0.007932261
96.1879632000346,-0.008298865
96.238157600048,-0.008110234
96.2883438999998,-0.008581236
96.3388277000049,-0.008559663
96.3892077000346,-0.009346802
96.4392432000022,-0.008453727
96.4904225000646,-0.00846233
96.5409445000114,-0.008341113
96.5913091000402,-0.008249685
96.6423392000143,-0.008400823
96.6930965000065,-0.008568267
96.7430305000162,-0.008565185
96.793115700013,-0.00869295
96.8443560999585,-0.008760236
96.8946807000321,-0.008597543
96.9450170999626,-0.008276265
96.9953912000637,-0.008433824
97.0459895000095,-0.008778983
97.0963648000034,-0.008886589
97.1468580999644,-0.008448719
97.1979250999866,-0.009140066
97.248242200003,-0.008463229
97.2987726000138,-0.00818959
97.3492977999849,-0.00855427
97.3996185000287,-0.008523067
97.4506837000372,-0.008601396
97.5010943000671,-0.008486086
97.5513803999638,-0.009084722
97.6014491000678,-0.008297453
97.6575502000051,-0.008175594
97.70853850001,-0.008427917
97.7589102999773,-0.008477739
97.8097634000005,-0.008440758
97.860308400006,-0.008769995
97.910632199957,-0.008226957
97.9609789999668,-0.008127698
98.0115421999944,-0.009462368
98.0626813999843,-0.00875022
98.1132245999761,-0.009210947
98.1637365999632,-0.008684989
98.2140730000101,-0.008785661
98.2645341999596,-0.008918563
98.3151132999919,-0.008970568
98.3656094999751,-0.009204141
98.4170653000474,-0.00851883
98.4676037000027,-0.008891854
98.5177902999567,-0.008883636
98.5680169999832,-0.009356176
98.6184684999753,-0.009465964
98.6692139999941,-0.009361954
98.720237600035,-0.009382627
98.7714466999751,-0.008727235
98.8218002000358,-0.008839078
98.8724532000488,-0.008163909
98.92323700001,-0.008315045
98.9738965999568,-0.008624381
99.0254265000112,-0.008921644
99.075902499957,-0.008806976
99.1262193999719,-0.009129793
99.1766715999693,-0.008935127
99.2269387000706,-0.009171654
99.2771180999698,-0.008820202
99.3277047000593,-0.008602038
99.379201099975,-0.008621556
99.4295432000654,-0.008737893
99.4801763000432,-0.008846783
99.5308879000368,-0.009078815
99.580745000043,-0.008681779
99.6315895000007,-0.009300832
99.6825334000168,-0.009274765
99.7334409999894,-0.00953967
99.7839555999963,-0.009676809
99.8345632000128,-0.009210305
99.8851420000428,-0.009557133
99.9355362000642,-0.00959771
99.9870687000221,-0.008638762
100.037394399988,-0.0085535
